市町村名,№,トイレ名　　　　　　　　　　　　　　　　　　　　　　　　　　　,住所,緯度,経度,現況写真　　（外観、内部）,利用可能時間,一般利用者用駐車場・無料,一般利用者用駐車場・有料,障害者用駐車場,駐車場スペース,多目的トイレ設備内容・洋式,多目的トイレ設備内容・ベビーベッド,多目的トイレ設備内容・ベビーチェア,多目的トイレ設備内容・介護用ベッド,多目的トイレ設備内容・温水洗浄洗浄,多目的トイレ設備内容・オストメイト洗浄,一般トイレ設備内容・男性用トイレ・洋式,一般トイレ設備内容・男性用トイレ・温水洗浄便座,一般トイレ設備内容・男性用トイレ・和式,一般トイレ設備内容・男性用トイレ・小便器,一般トイレ設備内容・男性用トイレ・荷物置き場,一般トイレ設備内容・男性用トイレ・ベビーベッド,一般トイレ設備内容・男性用トイレ・ベビーチェア,一般トイレ設備内容・男性用トイレ・音姫,一般トイレ設備内容・女性用トイレ・洋式,一般トイレ設備内容・女性用トイレ・温水洗浄便座,一般トイレ設備内容・女性用トイレ・和式,一般トイレ設備内容・女性用トイレ・小便器,一般トイレ設備内容・女性用トイレ・荷物置き場,一般トイレ設備内容・女性用トイレ・ベビーベッド,一般トイレ設備内容・女性用トイレ・ベビーチェア,一般トイレ設備内容・女性用トイレ・音姫,設備備考
和歌山市,3,友ヶ島池尻公衆トイレ,和歌山市加太字笘ヶ沖島2673-1,34.28081,135.00201,あり,終日,,,,,1,,,,,,1,,1,4,フック,,,,2,,2,,フック,,,,
和歌山市,4,友ヶ島第３砲台跡下公衆トイレ,和歌山市加太字笘ヶ沖島2673-1,34.280721,135.006554,あり,終日,,,,,,,,,,,,,1,2,,,,,1,,1,,,,,,
和歌山市,5,加太大波止公衆トイレ,和歌山市加太118,34.274064,135.066396,あり,終日,,,,,1,1,,,1,,,,1,1(1),,,,,1,1,2,,フック,,,,
和歌山市,6,深山海岸公衆トイレ,和歌山市深山地内,34.288084,135.071741,あり,終日,,,,,1,1,,,,,,,1(1),1(1),,,,,,,,,,,,,男女兼用
和歌山市,7,加太海岸公衆トイレ,和歌山市加太地先,34.276639,135.073606,あり,終日,,,,,1,,1,1,1,,,,1,2(1),,,1,,,,2(2),,フック,,1,,
和歌山市,8,磯の浦海水浴場公衆トイレ,和歌山市磯の浦379番地先,34.259729,135.094753,あり,終日,,,,,1,1,1,,1,,1,1,2,5(1),フック,,,,2,2,3,,フック,,,,
和歌山市,9,和歌浦公衆トイレ,和歌山市新和歌浦1-1,34.187586,135.161332,あり,終日,,,,,1,1,1,,1,,,,1(1),3(1),棚,,,,1(1),1,1(1),,棚/フック,,,有,
和歌山市,10,加太船着場公衆トイレ,和歌山市加太地先,34.274964,135.070282,あり,終日,,,,,,,,,,,1,,,1,,,,,,,,,,,,,男女兼用
和歌山市,11,和歌山公園内西の丸公衆トイレ,和歌山市一番丁3番地,34.229036,135.170653,あり,終日,,,,,2,1,,,2,,1,1,1,6,フック,,,,1,1,5,,フック,,1,有,女性用の温水洗浄便座は洋にのみ、多目的２つ有
和歌山市,12,和歌山公園内砂の丸公衆トイレ,和歌山市一番丁3番地,34.227578,135.16957,あり,終日,,,,,,,,,,,,,1,2(2),棚,,,,,,1,,フック,,,,
和歌山市,13,和歌山公園内不明門公衆トイレ,和歌山市一番丁3番地,34.226758,135.17146,あり,終日,,,,,1,1,,,1,1,1(1),1,1(1),3(1),フック,,1,有,2(2),2,1(1),,フック,,1,有,男性用の温水洗浄便座は洋にのみ
和歌山市,14,和歌山公園内動物園公衆トイレ,和歌山市一番丁3番地,34.22669,135.172788,あり,終日,,,,,,,,,,,1,1,1,2(2),棚/フック,,,,2,2,1,1(1),フック,,,,個室外にベビーベッド有
和歌山市,15,和歌山公園内桜林（岡口門北）公衆トイレ,和歌山市一番丁3番地,34.227162,135.174119,あり,終日,,,,,1,,,,1,,,,1,5(1),棚/フック,,,,,,4,,,,,,
和歌山市,16,和歌山公園内桃林（伏虎像東）公衆トイレ,和歌山市一番丁3番地,34.228307,135.174134,あり,終日,,,,,,,,,,,,,1,2(2),,,,,,,1,,フック,,,,
和歌山市,17,和歌山公園内二の丸公衆トイレ,和歌山市一番丁3番地,34.229428,135.173025,あり,終日,,,,,,,,,,,,,1,4,棚/フック,,,,1,1,2,,フック,,,有,女性用の温水洗浄便座は洋にのみ
和歌山市,18,和歌山公園内天守閣前広場公衆トイレ,和歌山市一番丁3番地,34.227175,135.171481,あり,終日,,,,,,,,,,,,,1,2,フック,,1,,1,1,1,1,フック,,,,個室外にベビーベッド有、女性用小便器は男児用
和歌山市,19,和歌山公園内天守閣中庭公衆トイレ,和歌山市一番丁3番地,34.227545,135.171243,あり,9：00～17：30,,,,,,,,,,,2,2,,4,,,,,2,2,2,,フック,,,有,
和歌山市,20,浜の宮ビーチ公衆トイレ２,和歌山市毛見,34.163408,135.183293,あり,終日,,,,,1,,,,,,,,2(1),5(1),フック,,,,,,5(1),,フック,,,,
和歌山市,21,浜の宮ビーチ公衆トイレ３,和歌山市毛見,34.162126,135.183476,あり,終日,,,,,1,,,,,,,,2(1),5(1),フック,,,,,,3(1),,フック,,,,男性用の片方にのみフック有、多目的使用禁止
和歌山市,22,JR和歌山駅西口公衆トイレ,和歌山市美園町5-61,34.232533,135.191105,なし,終日,,,,,,,,,,,2,2,,4,,,,,2,2,,,,,,,
和歌山市,23,JR和歌山駅東口公衆トイレ,和歌山市太田1丁目15-3,34.232486,135.192017,なし,終日,,,,,1,,1,,1,,1,,,2,,,,,2,2,,,,,,,
和歌山市,24,深山観光広場公衆トイレ,和歌山市深山105,34.29037,135.074549,あり,終日,,,,,1,,,,1,,,,1,2(1),,,,,1,1,1,,フック,,,,
和歌山市,25,磯の浦海水浴場公衆トイレ(東）,和歌山市磯の浦,34.259335,135.095823,なし,終日,,,,,1,,,,1,,,,1,2,,,,,,,3,,,,,,
和歌山市,26,マリーナシティー公衆トイレ,和歌山市毛見１５３８,34.154474,135.177759,あり,終日,,,,,1,,,,,,1,,2,5(1),棚,,,,2,,6,1,棚/フック,,,,個室外にベビーベッド有
和歌山市,27,紀三井寺公園内テニスコート付近公衆トイレ,和歌山市毛見200番,34.167247,135.190343,あり,終日,,,,,1,,,,1,,1,1,1,4(1),棚,,,,1,1,2(1),,棚,,,有,男性用の温水洗浄便座は洋にのみ
和歌山市,28,和歌山大学前駅前公衆トイレ,和歌山市中575-3,34.276367,135.147021,なし,,,,,,1,,,,,1,1,,,2,,,,,2,,,,,,,,
和歌山市,29,紀三井寺緑道亀の川付近公衆トイレ,和歌山市毛見200番,34.168775,135.188509,あり,終日,,,,,1,1,1,,1,1,1,1,,1,,,,有,1,1,,,フック,,,有,
和歌山市,34,河西公園公衆トイレA棟,和歌山市西庄,34.247282,135.117772,あり,終日,,,,,1,,,,1,1,,,1,2(1),棚/フック,,,,,,2,,棚,,,,
和歌山市,35,河西公園公衆トイレB棟,和歌山市西庄,34.248667,135.114834,あり,終日,,,,,1,,1,,1,,,,1,2(1),フック,,,,,,2,,,,,,
和歌山市,36,河西公園公衆トイレC棟,和歌山市西庄,34.250009,135.112515,あり,終日,,,,,1,,1,,1,,,,1,2(1),棚,,,,,,2,,,,,,
和歌山市,37,河西公園公衆トイレD棟,和歌山市西庄,34.251377,135.1104,あり,終日,,,,,1,,1,,1,,,,1,2(1),フック,,,,,,2,,,,,,
和歌山市,38,河西公園公衆トイレE棟,和歌山市西庄,34.252772,135.106439,あり,終日,,,,,1,,1,,1,,,,1,2,棚,,,,,,2,,フック,,,,棚小さいサイズあり
和歌山市,39,河西公園公衆トイレF棟,和歌山市西庄,34.253945,135.105591,あり,終日,,,,,1,,,,1,,1,,,2(1),フック,,,,,,2,,,,,,
和歌山市,40,河西公園公衆トイレG棟,和歌山市西庄,34.25641,135.100953,あり,終日,,,,,1,,1,,,,,,1,2(1),棚,,,,,,2,,棚/フック,,,,多目的トイレ開いていない
和歌山市,41,河西公園水泳場便所棟(プール内）,和歌山市西庄,34.254358,135.104569,あり,10:00～17:00,,,,,2,1,,,1,,,,1,2,フック,,,,,,2,,フック,,,,多目的２つ有、内小便器１つ有
和歌山市,42,河西公園水泳場便所棟(更衣室）,和歌山市西庄,34.254794,135.104108,あり,10:00～17:00,,,,,,,,,,,,,1,2,フック,,,,,,3,,フック,,,,
和歌山市,43,8の字公園公衆トイレ,和歌山市和歌浦南3丁目4,34.186305,135.168713,あり,終日,,,,,1,,,,1,1,,,1(1),1(1),棚,,,,,,1(1),,棚/フック,,,,
和歌山市,44,8の字公園（東出）公衆トイレ,和歌山市和歌浦南2丁目3,34.187702,135.166333,あり,終日,,,,,,,,,,,,,1,2(1),,,,,,,,,,,,,男女兼用
和歌山市,45,御手洗池公衆トイレ,和歌山市和歌浦西２丁目,34.190159,135.166432,あり,終日,,,,,1,,,,,,1,,1,3(1),,,,,1,,2,,棚/フック,,,,女性用の洋のみ棚/フック有
和歌山市,46,雑賀崎漁港公衆トイレ,和歌山市田野１０１番３,34.188386,135.148248,あり,終日,,,,,1,,,,,,1,,1(1),2(1),棚,,,,1,,2(1),,棚/フック,,,,女性用の洋のみ棚/フック有
和歌山市,47,浪早ビーチ公衆トイレ,和歌山市田野,34.183751,135.150273,あり,終日,,,,,1,,,,,,1,,1(1),2(1),,2,,1(1),1,,2(1),,フック,,,,
和歌山市,48,浜の宮ビーチ公衆トイレ１,和歌山市毛見,34.165208,135.182975,あり,終日,,,,,1,,,,,,,,2,5,,,,,,,5(1),,フック,,,,
和歌山市,49,片男波公園駐車場公衆トイレ,和歌山市和歌浦南3丁目1700-2,34.18321,135.172265,あり,終日,,,,,1,,,,1,1,1,1,1,3(1),棚,,,,1,有,2,,棚/フック,1,,,
和歌山市,50,片男波公園公衆トイレ,和歌山市和歌浦南3丁目1700-2,34.17861,135.175141,あり,9:00～17:00,,,,,1,,,,1,1,1,1,1,3(1),他,,,,1,有,2,,棚/フック,,,,女性用の洋にのみ棚有
和歌山市,51,森林公園トイレ１,和歌山市深山600,34.287711,135.093939,あり,終日,0,0,0,80,0,0,0,0,0,0,0,0,1(0),2,0,0,0,0,0,0,2（0）,0,0,0,0,0,
和歌山市,52,森林公園トイレ２,和歌山市深山600,34.287711,135.093939,あり,終日,0,0,0,80,0,0,0,0,0,0,0,0,1(0),2,0,0,0,0,0,0,2（0）,0,0,0,0,0,
和歌山市,53,森林公園トイレ３,和歌山市深山600,34.287711,135.093939,なし,終日,0,0,0,80,0,0,0,0,0,0,0,0,1(0),0,0,0,0,0,0,0,0,0,0,0,0,0,男女兼用
和歌山市,54,四季の郷公園四季さい館1階トイレ,和歌山市明王寺85,34.21614,135.259157,あり,9:00～17:00,150,0,6,92,2,1,0,0,0,0,1(0),0,1（0）,3,0,0,0,0,1(0),0,2（0）,0,0,0,0,0,
和歌山市,55,四季の郷公園四季さい館2階トイレ,和歌山市明王寺85,34.21614,135.259157,あり,9:00～17:00,150,0,6,92,1,0,0,0,0,0,1（0）,0,1（0）,4,0,0,0,0,1(0),0,2（0）,0,0,1,0,0,
和歌山市,56,四季の郷公園屋外トイレ１,和歌山市明王寺85,34.21614,135.259157,あり,終日,150,0,6,92,1,0,0,0,0,0,0,0,1（0）,2,0,0,0,0,0,0,2（0）,0,0,0,0,0,
和歌山市,57,四季の郷公園屋外トイレ２,和歌山市明王寺85,34.21614,135.259157,あり,終日,150,0,6,92,1,0,0,0,0,0,0,0,1（0）,2,0,0,0,0,0,0,2（0）,0,0,0,0,0,
和歌山市,58,和歌山駅西口地下広場公衆便所,和歌山市美園町５丁目１３番２,34.186100,135.185000,なし,4:30～25:00,,,,,1,,,,1,,1,1,2,4(1),,,,,2,2,,,棚/フック,,,,
和歌山市,59,雑賀町公衆便所,和歌山市６１番地,34.233684,135.177867,なし,終日,,,,,1,1,1,,,,,,1,1,,,,,,,1,,フック,,,,
和歌山市,60,堀詰橋プロムナードトイレ,和歌山市屋形町1-1,34.232219,135.176931,なし,終日,,,,,1,,,,,,,,,1,,,,,,,,,,,,,
海南市,1,藤白神社,海南市藤白434-1,34.144338,135.209356,あり,終日,,,,,1,1,,,1,,,,1,2(1),棚/フック,,,,1,1,2,,棚/フック,,,,
海南市,2,亀池広場公衆トイレ,海南市阪井452,34.155755,135.259237,あり,終日,,,,,1,,,,,1,,,,1(1),,,,,1(1),,1,,フック,,,,女性用の和のみフック有
海南市,3,JR加茂郷駅前公衆トイレ,海南市下津町黒田45-2,34.126075,135.159912,なし,,,,,,1,,,,1,1,1,1,,1,,,,,1,1,,,,,,,
海南市,4,JR下津駅前公衆トイレ,海南市下津町下津,34.109125,135.145524,なし,,,,,,1,,,,1,1,1,1,,1,,,,,1,1,,,,,,,
海南市,5,JR海南駅公衆トイレ,海南市名高51-2,34.154604,135.214326,あり,終日,,,,,1,1,,,1,1,1,,1,3(1),棚/フック,,,,1(1),,3(3),,棚/フック,,4,,
海南市,6,藤白塔下王子跡公衆トイレ,海南市下津町橘本1614-3,34.136764,135.199295,あり,終日,,,,,1,,,,1,1,,,1,2(2),棚,,,,,,2(2),,棚,,,,
海南市,7,長保寺,海南市下津町上689,34.108613,135.165399,あり,9:00～17:00,,,,,,,,,,,,,1,3(1),,,,,1,1,2(2),,,,,,
海南市,8,善福院,海南市下津町梅田270,34.130841,135.177248,あり,9:00～16:00,,,,,,,,,,,,,1,2(1),,,,,1,1,1(1),,,,,,
海南市,9,紀州漆器伝統産業館内公衆トイレ,海南市船尾222,34.160648,135.203501,なし,,,,,,,,,,,,1,1,1,3,,,,,1,1,1,,,,,,
紀美野町,1,小川宮前公衆トイレ,紀美野町奥佐々21番地2,34.133207,135.327354,あり,終日,,,,,,,,,,,1,1,1,2,フック,,,,,,,,,,,,男女兼用
紀美野町,2,紀美野町のかみふれあい公園公衆トイレ,紀美野町西野971-1,34.179805,135.348222,あり,9：00～17：00,,,,,1,1,,,1,,1(1),1,1(1),3(1),フック,,,,1(1),1,3(3),1,フック,,1,,女性用の洋式にベビーチェア有
紀美野町,3,生石高原童謡公衆トイレ,紀美野町中田899-29,34.105312,135.327384,あり,終日,,,,,1,1,,,1,,1(1),1,1(1),3(1),フック,,,,1(1),1,2,,フック,,,,
紀美野町,4,真国公衆トイレ(診療所併設）,紀美野町動木287,34.167218,135.307528,なし,,,,,,1,,,,1,,1,1,1,3,,,,,1,1,2,,フック,,,,
紀美野町,5,小西公衆トイレ,紀美野町小西169-7,34.152121,135.310897,あり,終日,,,,,1,,,,1,1,1,1,,1,,,,,1,1,,,,,,,
紀美野町,6,みさと天文台公衆トイレ,紀美野町松ヶ峯180,34.144677,135.406516,なし,,,,,,1,,,,1,,2,2,,1,,,,,3,3,,,,,,,
岩出市,1,県植物公園緑花センター　(本館事務所),岩出市東坂本672,34.28608,135.327135,あり,9:00～17:00,500,,,,1,,,,1,,1(1),,,2,棚,,,,,,,,,,,,男女兼用
岩出市,2,県植物公園緑花センター　(駐車場南側),岩出市東坂本672,34.286132,135.326837,あり,9:00～17:00,500,,,,1,,,,,,,,1,4,棚フック,,,,,,3,,フック,,,,
岩出市,3,県植物公園緑花センター　(別館展示室),岩出市東坂本672,34.286498,135.327776,あり,9:00～17:00,500,,,,1,,,,,1,,,1,1(1),棚,,,,,,2,,フック,,,,
岩出市,4,根来寺公衆トイレ（西側）,岩出市根来2286,34.286082,135.316748,あり,　9:10～16:30,有,,,,,,,,,,1,1,2,7,棚,,,,3,3,5,,フック,,,,
岩出市,5,根来寺公衆トイレ（北側）,岩出市根来2284,34.286689,135.317555,あり,　9:10～16:30,100,,,,1,1,,,1,1,1,1,,2,,,,,1,1,1,,フック,,,,
岩出市,6,道の駅「根来さくらの里」公衆トイレ,岩出市押川37-1,34.311848,135.306987,あり,終日,49,,,,1,1,,,1,1,1,1,2,7,棚,,,,4,4,4,,フック,,,,
岩出市,7,岩出市民俗資料館トイレ,岩出市根来2306-1,34.2858206,135.3177317,なし,9:00～17:00,80,,,,1,,,,1,1,2,2,1,5,棚,,,,2,2,3,,フック,,,,
紀の川市,1,大池遊園駅前公衆トイレ,紀の川市貴志川町長山,34.204725,135.285455,なし,,,,,,1,,,,1,1,1,1,,1,,,,,1,1,,,,,,,
紀の川市,2,大門橋前駐車場公衆トイレ,紀の川市粉河2060,34.278075,135.404218,なし,,,,,,1,,,,1,,1,1,,2,,,,,2,2,,,,,,,
紀の川市,3,貴志川観光いちご狩り園公衆トイレ,紀の川市貴志川町神戸238,34.21627,135.316334,なし,,,,,,,,,,,,1,1,,2,,,,,2,2,,,,,,,
紀の川市,4,細野渓流キャンプ場バンガロー旧トイレ,紀の川市桃山町垣内258-1,34.188923,135.421085,なし,,,,,,,,,,,,2,2,,1,,,,,,,,,,,,,男女兼用
紀の川市,5,細野渓流キャンプ場バンガロー側新トイレ,紀の川市桃山町垣内258-1,34.189201,135.42113,あり,終日,70,,,,,,,,,,1,1,,2,,,,,2,2,,,フック,,,,
紀の川市,6,細野渓流キャンプ場駐車場トイレ,紀の川市桃山町垣内258-1,34.1880637,135.4207245,なし,終日,70,,,,,,,,,,2,2,,1,フック,,,,,,,,,,,,男女兼用
紀の川市,7,紀の川市歴史民俗資料館公衆トイレ,紀の川市東国分671,34.267477,135.338779,なし,,,,,,1,,,,,,1,1,,3,,,,,2,2,1,,,,,,
紀の川市,8,葛城山公衆トイレ（葛城山園地公衆便所）,紀の川市切畑969-2,34.347842,135.434862,あり,終日,10,,1,,1,,,,,,1,,,2(1),棚,,,,3,,,,棚/フック,,1,,
紀の川市,9,粉河ハイランドパーク管理棟公衆トイレ,紀の川市粉河町大字中津川,34.341705,135.410541,あり,9:00～17：00,20,,,,,,,,,,1,1,,3,,,,,3,3,,,,,,,
紀の川市,10,最初ヵ峰展望所公衆トイレ,紀の川市竹房,34.240501,135.369205,あり,終日,10,,,,,,,,,,,,1,2,,,,,,,2,,フック,,,,
紀の川市,11,旧名手本陣,紀の川市名手市場641,34.275786,135.435658,あり,10：00～16：00,,,,,,,,,,,3,,,,,,,,,,,,,,,,男女兼用
紀の川市,12,桃山物産センタートイレ,紀の川市桃山町市場,34.242176,135.344295,あり,9:00～17：00,20,,,,1,,,,,,1,1,,2,フック,,,,2,2,,,フック,,,,
紀の川市,13,桃源郷運動公園,紀の川市最上1147-11,34.220844,135.356041,あり,9:00～17:00,180,,,,1,,1,,1,1,1(1),1,1(1),3,棚,,,,2(2),2,1(1),,フック,,1,,
紀の川市,14,平池緑地公園オニバス広場公衆トイレ,紀の川市貴志川町神戸大越1073-1,34.208809,135.303927,あり,終日,15,,1,,1,,,,1,,,,1(1),2(1),,,,,1,,,,,,,,多目的トイレが女子トイレと兼用
紀の川市,15,平池緑地公園野鳥広場公衆トイレ,紀の川市貴志川町神戸大越1073-1,34.211869,135.300484,あり,終日,31,,2,,1,1,,,1,,,,1(1),2(1),,,,,1,1,,,１（１）,,,,
紀の川市,16,貴志川観光物産センタートイレ,紀の川市貴志川町前田135-1,34.218611,135.314468,あり,8:30～17：00,50,,,,,,,,,,1(1),1,,,,,,,1(1),1,,,,,,,
紀の川市,17,大池遊園公衆トイレ,紀の川市貴志川町長山1304-2,34.204397,135.283312,あり,終日,10,,,,1,,,,1,,,,2,4,,,,,,,2,,フック,,,,男性用は小便器のみ個室は供用
紀の川市,18,丹生神社公衆トイレ,紀の川市貴志川町北918-2,34.211249,135.331489,あり,,,,,,1,,,,1,1,,,,1,,,,,,,,,,,,,
橋本市,1,嵯峨谷農村公園前公衆トイレ,橋本市高野口町嵯峨谷,34.340716,135.538382,あり,終日,,,,,1,,,,,,,,1(1),1,フック,,,,,,1(1),,フック,,,,高野口山村体験交流センターの前にある
橋本市,2,JR高野口駅前公衆トイレ,橋本市高野口町名倉7902,34.307645,135.556664,あり,終日,,,,,1,1,,,1,,,,1,2(1),フック,,,,,,2,,棚,,,,
橋本市,3,恋野あじさい公園公衆トイレ,橋本市恋野,34.315873,135.664455,あり,終日,,,,,1,1,,,1,,,,1,2,フック,,,,1,1,1,,フック,,,,
橋本市,4,杉尾公衆トイレ,橋本市杉尾,34.370089,135.641399,あり,終日,,,,,1,,,,1,,,,1,1,フック,,,,,,1,,棚/フック,,,,
橋本市,5,JR橋本駅前公衆トイレ,橋本市古佐田1丁目4-51,34.318034,135.614573,あり,終日,,,,,1,1,,,1,1,1(1),1,1(1),3(1),棚/フック,,1,,2(2),2,1(1),,棚/フック,,,,多目的のみ５：３０～２３：３０までの使用
橋本市,6,国城山公衆トイレ,橋本市国城原,34.292045,135.609983,あり,終日,,,,,,,,,,,,,3,2,,,,,,,,,,,,,男女兼用、ペーパーなし
橋本市,7,くにぎふれあいの里観光公衆トイレ,橋本市南馬場,34.294702,135.598815,なし,営業日に準ずる,,,,,1,,,,1,1,1,1,,2,,,,,2,2,,,,,,,
橋本市,8,隠れ谷池公衆トイレ,橋本市清水220-4,34.305155,135.604791,なし,終日,,,,,1,,,,1,,1,1,,2,,,,,1,1,1,,,,,,
橋本市,9,やどり温泉いやしの湯公衆トイレ,橋本市北宿5,34.256906,135.651262,なし,営業日に準ずる,,,,,1,,,,1,,1,,,2,,,,,2,,,,,,,,
橋本市,10,神野々キャンプ場公衆トイレ,橋本市神野々,34.301733,135.58181,あり,終日,,,,,1,,,,,,,,1,2(1),フック,,,,,,2,,フック,,,,キャンプ場・パターゴルフ場内トイレ、ゲート開閉時間４/１～１０/３１（９：００～１９：００）上記以外（９：００～１７：００）
橋本市,11,高野口公園公衆トイレ1（ステージ前）,橋本市高野口町名倉,34.310199,135.558946,あり,終日,,,,,,,,,,,,,1,2,,,,,,,2,,,,,,桜シーズンは車進入不可
橋本市,12,高野口公園公衆トイレ2（八幡神社駐車場横）,橋本市高野口町名倉,34.31036,135.558294,あり,終日,,,,,,,,,,,,,2,2,,,,,,,,,,,,,男女兼用
橋本市,13,高野口公園公衆トイレ3（休憩所横）,橋本市高野口町名倉,34.310932,135.558724,あり,終日,,,,,,,,,,,,,2,2,,,,,,,,,,,,,男女兼用
橋本市,14,紀望の里,橋本市高野口町大野1807-1,34.319913,135.544829,あり,10時～21時,,,,,1,1,1,,1,,1(1),1,,2(1),フック/その他,,,,2(2),2,,,フック/その他,,,,女性用内一つに「食堂専用トイレ、一般の方は使用禁止」の貼り紙有
橋本市,15,せせらぎ公園公衆トイレ,橋本市高野口町名倉191先外,34.302879,135.552371,あり,終日,,,,,1,1,,,,,,,1(1),2(1),棚/フック,,,,,,2(1),,棚/フック,,2,,
橋本市,16,農業ふれあい公園おもてなし公衆トイレ,橋本市岸上106-3,34.310643,135.586705,あり,終日,,,,,1,1,,,1,1,,,1,2(1),,,,,1,1,1,,棚/フック,,,,男性用の和式使用不可、洋式未確認。女性用個室内１つは医用禁止、便器撤去
かつらぎ町,1,道の駅「紀の川万葉の里」公衆トイレ,かつらぎ町窪,34.284519,135.464521,あり,終日,85,,5,,1,,1,1,1,1,2,2,5,12(1),棚,,,,3(1),3,9,1,フック,1,5,,個室外にベビーベッド有
かつらぎ町,2,柿の茶屋公衆トイレ,かつらぎ町西飯降,34.314179,135.526152,あり,終日,15,,2,,1,,,,1,,,,1,2,,,,,1,1,1,,フック,,,,
かつらぎ町,3,町石道神田地内公衆トイレ,かつらぎ町神田,34.250508,135.528018,あり,終日,2,,1,,1,,,,1,,1,1,,,フック,,,,,,,,,,,,多目的と女性兼用
かつらぎ町,4,丹生都比売神社公衆トイレ（第二駐車場）,かつらぎ町上天野,34.263095,135.521218,あり,終日,30,,,,1,1,,,1,,,,1(1),2(1),フック,,,,1,1,1(1),,棚/フック,,,,棚小さい
かつらぎ町,5,花園久木公衆トイレ,かつらぎ町花園久木,34.150755,135.571823,あり,終日,5,,,,,,,,,,1,1,1,2,,,,,,,,,,,,,男女兼用
かつらぎ町,6,花園中南公衆トイレ,かつらぎ町花園中南,34.13576,135.570227,あり,終日,5,,,,1,,,,,,1,1,,2,棚/フック,,,,1,1,2,,棚/フック,,,,個室は男女兼用（棚は内１つにあり）、男性小便器と多目的兼用、個室外にベビーベッド有
かつらぎ町,7,花園北寺公衆トイレ,かつらぎ町花園北寺,34.131757,135.524309,あり,終日,10,,,,1,,,,1,,,,1,1,フック,,,,,,,,,,,,男女兼用
かつらぎ町,8,花園梁瀬公衆トイレ,かつらぎ町花園梁瀬,34.137876,135.517801,あり,終日,5,,,,,,,,,,,,1,2,,,,,1,1,1,,,,,,
かつらぎ町,9,花園臼谷公衆トイレ,かつらぎ町花園梁瀬,34.155509,135.504438,あり,終日,5,,,,1,,,,1,1,,,,1,,,,,,,,,,,,,男女兼用、個室のみ多目的と男女兼用
かつらぎ町,10,高野龍神スカイライン公衆トイレ,かつらぎ町花園久木,34.147165,135.586989,あり,9:30～16:30,23,,,,1,1,,,1,,,,1,3,棚,,,,,,3,,棚,,,,
かつらぎ町,11,堀越公衆トイレ,かつらぎ町東谷,34.340387,135.5018,あり,終日,5,,1,,1,,,,1,,,,1(1),2(1),フック,,,,2,2,1(1),,フック,,1,,
かつらぎ町,12,JR妙寺駅前公衆トイレ,かつらぎ町丁ノ町2228-10,34.298453,135.517623,あり,終日,,,,,1,,,,1,1,,,1,2(1),フック,,,,1,1,1,,フック,,,,
かつらぎ町,13,大久保公衆トイレ,かつらぎ町平,34.343867,135.483372,なし,終日,,,,,1,,,,1,,1,1,,1,,,,,1,1,,,,,,,
かつらぎ町,14,かつらぎ公園公衆トイレ,かつらぎ町新田2530,34.295595,135.516518,なし,終日,,,,,1,,,,1,,1,1,1,3,,,,,2,2,2,,,,,,
かつらぎ町,15,JR笠田駅前公衆トイレ,かつらぎ町大字笠田東20-13,34.292175,135.480245,なし,終日,,,,,1,,,,1,1,,,1,1,,,,,1,1,1,,,,,,
かつらぎ町,16,宝来山神社公衆トイレ,かつらぎ町萩原56,34.291673,135.468828,なし,終日,,,,,1,,,,1,1,1,1,,2,,,,,1,1,,,,,,,
かつらぎ町,17,平和公園公衆トイレ,かつらぎ町大字丁ノ町2530-10,34.295274,135.519449,なし,終日,,,,,,,,,,,1,1,1,3,,,,,,,,,,,,,男女兼用
かつらぎ町,18,JR中飯降駅公衆トイレ,かつらぎ町中飯降地内,34.304255,135.531954,なし,終日,,,,,1,,,,1,1,,,,1,,,,,,,,,,,,,
かつらぎ町,19,河南公衆トイレ,かつらぎ町大字寺尾５４−２０７,34.285699,135.492907,なし,終日,,,,,1,,,,1,1,1,1,,2,,,,,2,2,,,,,,,
かつらぎ町,20,志賀ふれあい会館前公衆トイレ,かつらぎ町志賀,34.221779,135.503479,なし,終日,,,,,1,,,,1,1,1,1,,3,,,,,4,4,,,,,,,
かつらぎ町,21,丹生都比売神社公衆トイレ（第１駐車場）,かつらぎ町上天野230,34.263911,135.520899,なし,終日,,,,,1,,,,1,1,1,1,,2,,,,,3,3,,,,,,,
九度山町,1,慈尊院駐車場公衆トイレ,九度山町慈尊院854番地の3,34.293597,135.548531,あり,終日,10,,1,,1,1,,,1,,1(1),1,,3(1),棚/フック,,,,2(2),1,,,フック,,,有,
九度山町,2,入郷児童館前公衆トイレ,九度山町入郷82,34.2926025,135.5566231,なし,終日,,,,,,,,,,,2,2,,2,,,,,,,,,,,,,男女兼用
九度山町,3,慈尊院観光トイレ,九度山町慈尊院832,34.295374,135.549554,あり,９：００～１７：００,,,,,,,,,,,1,1,,3,,,,,3,3,,,,,,,
九度山町,4,紙遊苑公衆トイレ,伊都郡九度山町慈尊院749-6,34.293876,135.5484461,なし,９：００～１６：３０※毎週月・火曜日休館,,,,,,,,,,,1,1,1,2,,,,,,,,,,,,,男女兼用
九度山町,5,丹生官省符神社観光トイレ,九度山町慈尊院835,34.294389,135.549445,なし,９：００～１７：００,,,,,,,,,,,1,1,,2,,,,,2,2,,,,,,,
九度山町,6,まちなか休憩所真田憩い茶屋トイレ,九度山町九度山1722-1,34.290742,135.562929,あり,１０：００～１６：００※毎週木曜日休業,,,,,,,,,,,1,,,1,,,,,,,,,,,,,男女兼用
九度山町,7,丹生川駐車場公衆トイレ（南）,九度山町丹生川246-1,34.271735,135.596915,あり,終日,,,,,1,,,,,,,,1,2,フック,,,,1,,1,,,,,,
九度山町,8,九度山駐車場公衆トイレ,九度山町九度山,34.290708,135.558416,あり,８：００～１８：００,13,,2,,1,1,,,1,,1,1,,1,棚/フック,1,,,1,1,,,棚,,,有,
九度山町,9,九度山駅前公衆トイレ,九度山町九度山,34.288222,135.564426,あり,終日,,,,,1,1,,,1,,1,1,,1(1),棚/フック,,,,1,1,,,棚,,,有,
九度山町,10,道の駅「柿の郷くどやま」公衆トイレ,九度山町入郷５番５,34.293048,135.555696,あり,終日,122,,3,,1,1,1,,1,1,2,2,,4,フック,,,有,10,10,,1,フック,,,有,
高野町,1,大門児童公園公衆トイレ,高野町大字東富貴地内,34.212968,135.575688,あり,終日　　　　　　　　　　　※冬季は施錠,,,,,,,,,,,1,1,,2,,,,,,,,,,,,,男女兼用
高野町,2,ちびっこ野球場公衆トイレ,高野町大字高野山地内,34.219408,135.593577,あり,終日,,,,,1,,,,1,,,,1,3,,,,,3,3,2,,,,,,
高野町,3,金輪公園公衆トイレ,高野町大字高野山地内,34.216898,135.581404,あり,終日　　　　　　　　　　　※冬季は施錠,,,,,,,,,,,1,1,1,2,,,,,,,,,,,,,男女兼用
高野町,4,一の橋公衆トイレ,高野町大字高野山地内,34.213643,135.595607,あり,終日,,8,1,,1,1,,,1,1,2,1,,　5(1),フック,,,,6,2,,,,,,,女性用の温水洗浄便座は内２つのみ、男性用は内１つのみ
高野町,5,根本大塔北公衆トイレ,高野町大字高野山地内,34.213802,135.580114,あり,終日,,,,,1,,,,1,1,1(1),1,2(1),4(1),,,,,4,4,3,,,,,,
高野町,6,女人堂公衆トイレ,高野町大字高野山地内,34.22016,135.580894,あり,終日,,,,,1,1,,,1,1,1,1,,3(1),フック,,,,3,2,,,,,,,女性用の温水洗浄便座は内２つのみ
高野町,7,刈萱堂横公衆トイレ,高野町大字高野山地内,34.212603,135.593102,あり,終日,,,,,1,,1,,1,1,1(1),1,1(1),2(1),,,,,1,1,1,,,,,,
高野町,8,金剛峯寺前公衆トイレ,高野町大字高野山地内,34.213243,135.583457,あり,終日,39,,3,,1,,,,1,1,2(2),2,1,7(1),,,,,3,3,2,,棚,,,,
高野町,9,中門前公衆トイレ,高野町大字高野山地内,34.212155,135.579887,あり,終日,17,,,,1,,,,1,1,1(1),1,1(1),3(1),,,,,3,3,2,,,,,,女性用の温水洗浄便座は内２つのみ
高野町,10,千手院公衆トイレ,高野町大字高野山地内,34.213165,135.586709,あり,終日,,,,,1,,,,1,1,,1(1）,,3(1),棚/フック,,,,2,2,,,棚,,,,多目的はセンサー付きの自動ドアです
高野町,11,大門公衆トイレ（高野山駐車場（近畿自然歩道）公衆便所）,高野町大字高野山地内,34.213437,135.57314,あり,終日,,,,,1,1,,,1,1,,,,3(1),,,,,3,3,,,,,,,
高野町,12,中の橋駐車場公衆トイレ（立体）,高野町大字高野山地内,34.2156,135.604802,あり,終日,100,,2,,1,,,,1,1,1,1,1,5(1),棚,,,,4,4,1,,棚,,,,
高野町,13,中の橋（バス停）公衆トイレ,高野町大字高野山地内,34.216056,135.603839,あり,終日,80,,4,,1,1,,,1,1,1,1,2,8(1),フック,,,,4,4,5,,棚,,,,
高野町,14,近畿自然歩道　花坂公衆便所,高野町大字花坂地内,34.220119,135.537405,あり,終日,,,,,1,1,,,1,1,1,,,2,,,,,2,2,,,,,,,
高野町,15,学習展示館前公衆トイレ,高野町大字高野山地内,34.220088,135.597282,あり,終日,,,,,1,,1,,,,,,1,3,,,,,1,1,2,,,,,,
高野町,16,旧白藤小学校公衆トイレ,高野町大字西郷,34.243586,135.572287,なし,終日,,,,,,,,,,,1,1,,2,,,,,2,2,,,,,,,
高野町,17,大門南公衆トイレ,高野町大字高野山内子谷１３－９,34.210646,135.571934,あり,終日,,,,,1,1,1,,1,1,1(1）,1,,1,,,,,,1,1,,,,,,
有田市,1,地ノ島海水浴場公衆トイレ,有田市初島町浜地ノ島地内,34.113199,135.101861,あり,終日,100,,,,,,,,,,1,,,2,,,,,2,,,,,,,,
有田市,2,くまの古道ふれあい広場公衆トイレ,有田市宮原町滝川原1番地,34.080014,135.173591,あり,終日,,,,,1,,,,1,,,,1,1,,,,,,,,,,,,,男女兼用
有田市,3,JR箕島駅前公衆トイレ,有田市箕島地内,34.0861539,135.1249533,なし,終日,9,,1,,1,1,,,1,1,1,1,,1,フック,,,1,1,1,,,棚,,,1,駐車場：1時間無料
有田市,4,ウエノ公園公衆トイレ,有田市宮崎町1166-1,34.07892,135.119532,あり,終日,3,,,,1,,,,1,,,,1,1,,,,,,,1,,,,,,
有田市,5,有田市近畿自然歩道公衆トイレ,有田市宮原町畑409-4,34.100005,135.178652,あり,終日,3,,,,1,,,,,,,,,1,棚/フック,,,,1,,,,棚/フック,,,,温便座のみ
湯浅町,1,JR湯浅駅前公衆トイレ（湯浅町近畿自然歩道公衆便所）,湯浅町湯浅1052,34.033067,135.179702,あり,終日,,,1,,1,,,,,,1,1,,2(1),,,,,1,1,1(1),,フック,,,,
湯浅町,2,田海岸公衆トイレ,湯浅町田地先,34.055115,135.147123,あり,終日,1,,1,,1,,,,1,1,,,1(1),1(1),フック,,,,,,,,,,,,男女兼用
湯浅町,3,小浜海岸公衆トイレ,湯浅町田1232-2,34.050301,135.148704,あり,終日,,,,,1,,,,1,1,,,,1(1),,,,,1,1,,,フック,,,,
湯浅町,4,築港公衆トイレ,湯浅町湯浅2775,34.037202,135.167015,あり,終日,,,,,,,,,,,,,1,1,,,,,,,,,,,,,男女兼用
湯浅町,5,北の町老人憩いの家公衆トイレ,湯浅町大字湯浅709-2,34.037485,135.176661,なし,9:00～17:00,,,,,1,,,,1,1,1,1,,1,,,,,1,1,,,,,,,
湯浅町,6,栖原海岸公衆トイレ,湯浅町栖原951番地先,34.045541,135.161357,なし,,,,,,1,,,,1,1,,,,1,,,,,1,1,,,,,,,
湯浅町,7,吉川老人憩いの家公衆トイレ,湯浅町大字吉川923-1,34.0501,135.18371,なし,,,,,,,,,,,,1,1,,1,,,,,,,,,,,,,男女兼用
広川町,1,広川町観光案内所公衆トイレ,広川町大字広1324,34.02596,135.17312,なし,開館時,,,,有,1,,,,1,,1,1,,3,フック,,,,3,3,,,,,,,
広川町,2,広川ビーチ駅（ふれあい館）公衆トイレ,広川町山本971-1,34.01317,135.16358,なし,終日,,,,,1,,,,1,1,1,1,,2,,,,,1,1,,,,,,,
広川町,3,小浦公衆トイレ,広川町大字山本1897,34.019608,135.152094,あり,終日,,,,,,,,,,,,,1,2,フック,,,,,,2,,フック,,,,
広川町,4,稲むらの火の館公衆トイレ,広川町広671,34.025884,135.173021,なし,開館時,21,,2,,1,,,,1,,3,3,,5,,,,,6,6,1,,,,,,
広川町,5,東濱口公園公衆トイレ,広川町広1292-2,34.0265421,135.1718822,なし,開館時,,,,,1,,,,1,,1,1,,1,,,,,1,1,,,,,,,
広川町,6,樫長公衆トイレ,広川町大字西広1317-4,34.013828,135.146338,あり,終日,,,,,,,,,,,,,1,1,,,,,,,,,,,,,男女兼用
広川町,7,西広ふれあいの森公衆トイレ,広川町大字西広1-2,34.009026,135.151821,あり,終日,,,,有,,,,,,,1,1,1,3,フック,,,,1,1,2,,フック,,,,
広川町,8,男山焼会館公衆トイレ,広川町大字上中野88-2,34.015665,135.17822,なし,開館時,,,,有,1,,,,1,,1,1,,2,,,,,2,2,,,,,,,
広川町,9,霊巖寺公衆トイレ,広川町大字下津木501-1,34.007137,135.222987,あり,終日,,,,,,,,,,,,,1,1,,,,,,,,,,,,,男女兼用
広川町,10,広川ダム下公衆トイレ,広川町大字下津木1619番地先,33.973988,135.231846,あり,終日,,,,有,,,,,,,,,1,1,フック,,,,,,,,,,,,男女兼用
広川町,11,広川町役場前公衆トイレ,広川町広1471,34.0306802,135.1724449,なし,終日,,,,,1,,,,1,,1,1,,2,,,,,1,1,1,,,,,,
広川町,12,広川ダム公園公衆トイレ,広川町大字下津木地内,33.980374,135.244495,あり,終日,10,,,,1,,,,1,,,,1,1,,,,,,,,,,,,,男女兼用
広川町,13,熊野古道公衆トイレ,広川町大字河瀬172,33.996362,135.193967,あり,終日,7,,,,1,,,,1,,,,1,1,フック,,,,,,,,,,,,男女兼用
広川町,14,濱口悟陵史跡散策公衆トイレ,広川町広地内,34.0260802,135.1697567,なし,終日,,,,,,,,,,,1,1,1,1,,,,,,,,,,,,,男女兼用
広川町,15,広公民館公衆トイレ,広川町広538-1,34.025901,135.17423,なし,開館時,,,,,1,,,,1,,3,3,,3,,,,,,,,,,,,,男女兼用
広川町,16,西･北集会所公衆トイレ,広川町広241-1,34.029401,135.178428,なし,施設開放時,,,,,,,,,,,1,1,,2,フック,,,,,,,,,,,,男女兼用
広川町,17,熊之町集会所公衆トイレ,広川町広66-2,34.026953,135.181775,なし,施設開放時,,,,,,,,,,,1,1,,2,,,,,,,,,,,,,男女兼用
広川町,18,津木の里散策公衆トイレ,広川町大字上津木地内,33.9704522,135.1998588,なし,終日,,,,,,,,,,,1,1,,1,,,,,,,,,,,,,男女兼用
広川町,19,広村堤防公衆トイレ,広川町広地内,34.027104,135.171267,なし,終日,,,,,1,,,,1,1,,,,1,,,,,,,1,,,,,,
有田川町,1,田口砂防公園公衆トイレ,有田川町田口1011,34.086014,135.195497,あり,終日,10,,1,,1,,,,1,,,,1,2,フック/その他,,,,,,,,,,,,男女兼用
有田川町,2,千葉の森公園公衆トイレ,有田川町大賀畑,34.094748,135.205248,あり,終日,,,,30,,,,,,,,,1,2,フック,,,,,,2,,フック,,,,
有田川町,3,鷲ヶ峰コスモスパ－ク公衆トイレ,有田川町長谷611,34.092767,135.235338,あり,終日,30,,,,,,,,,,,,3,4,,,,,,,,,,,,,男女兼用
有田川町,4,鷲ヶ峰コスモスパ－ク「風の館」公衆トイレ,有田川町長谷612,34.093059,135.234411,あり,10:00～17:00　　　　　　　　　　　風の館開館日のみ　　　（不定休）,30,,1,,1,,,,,,,,1,2,フック,,,,,,2,,,,,,風の館開館日のみ（不定休）
有田川町,5,ＪＲ藤並駅公衆トイレ（西口側）,有田川町明王寺34-7,34.057209,135.196389,あり,終日,,8,1,,1,1,,,1,,,,1,,,,,,,,,,,,,,男女兼用
有田川町,6,ＪＲ藤並駅公衆トイレ（東口側）,有田川町明王寺34-7,34.057082,135.196672,あり,終日,,30,2,,1,1,,,1,1,,,1(1),2(1),棚/フック,,1,,1(1),1,1,,棚/フック,,1,1,
有田川町,7,花の里河川公園公衆トイレ,有田川町庄921,34.071677,135.235884,なし,9：00～17：00　　　　　　　　　　キャンプシーズン中のみ使用可,,,,5,1,,,,1,,1,1,1,1,,,,,,,,,,,,,キャンプシーズン中のみ使用男女兼用
有田川町,8,花の里公園公衆トイレ,有田川町庄921,34.071762,135.234522,あり,終日,,,,5,1,,,,1,,,,1,2,フック,,,,1,1,1,,フック,,,,
有田川町,9,明恵の里スポーツ公園公衆トイレ,有田川町中井原738-2,34.056778,135.262501,なし,終日,4,,,,2,,,,2,,1,1,1,5,,,,,4,4,1,,,,,,
有田川町,10,金屋河川敷公衆トイレ,有田川町金屋900,34.05652,135.253338,あり,終日,,,,,1,,,,1,,,,1,1,フック,,,,1,1,1,,フック,,,1,
有田川町,11,旧金屋庁舎前公衆トイレ,有田川町金屋322-1,34.064384,135.253688,あり,終日,20,,1,,1,1,,,1,1,,,1,1,フック,,,,1,1,1,,フック,,,1,
有田川町,12,道の駅「しらまの里」公衆トイレ,有田川町宇井苔213-1,34.015088,135.334558,あり,終日,30,,1,,1,,,,1,1,,,1,2,棚/フック,,,,5,5,1,,棚/フック,,,5,
有田川町,13,道の駅「明恵ふるさと館」公衆トイレ,有田川町金屋322-1,34.054121,135.26279,あり,終日,30,,1,,1,1,,,1,1,,,1,3(1),フック,,,,3,3,1,,フック,,,3,
有田川町,14,金屋テニス公園公衆トイレ,有田川町吉原1138-1,34.045898,135.248664,あり,終日,30,,,,,,,,,,1,1,,4,,,,,2,2,,,,,,,
有田川町,15,粟生町営前公衆トイレ,有田川町粟生211,34.047741,135.336184,あり,終日,,,,2,,,,,,,,,1,2,,,,,,,2,,,,,,
有田川町,16,粟生巌公衆トイレ,有田川町粟生894,34.049284,135.352252,あり,終日,,,,1,,,,,,,,,3,4,,,,,,,,,,,,,男女兼用
有田川町,17,二川ダム公園公衆トイレ,有田川町二川509-2,34.078728,135.358023,あり,終日,10,,,,,,,,,,1,,,4,,,,,,,2,,,,,,
有田川町,18,楠本公衆トイレ,有田川町楠本548,34.091637,135.368283,あり,終日,1,,1,,1,,,,,,,,,1(1),,,,,,,,,,,,,男女兼用
有田川町,19,楠本札立峠公衆トイレ,有田川町楠本1490-82,34.115999,135.346724,あり,終日,10,,,有,1,,1,,1,1,1,1,1,2(1),フック,,,1,2,2,1,,フック,,1,1,
有田川町,20,道の駅「あらぎの里」公衆トイレ,有田川町二田662-1,34.093066,135.412911,あり,終日,23,,2,,1,,,,1,1,1,1,1,3(1),フック,,,1,2,2,1,,フック,1,,2,
有田川町,21,三田集落センター公衆トイレ,有田川町三田461-2,34.093245,135.417454,あり,終日,,,,20,,,,,,,1,1,,,,,,1,,,,,,,,,男女兼用
有田川町,22,泉水（しみず温泉前公衆トイレ）,有田川町清水1224-2,34.082553,135.431985,あり,終日,30,,,,,,,,,,,,1,2,フック,,,,1,1,1,,フック,,,1,
有田川町,23,有田川町鉄道交流館公衆トイレ,有田川町徳田124-1,34.065604,135.246414,なし,10：00～17：00,15,,,,1,,,,1,,,,1,1,,,,,1,1,,,,,,,
有田川町,24,道の駅「しみず」公衆トイレ,有田川町清水607,34.088278,135.443519,あり,終日,108,,2,,1,,,,1,1,1,1,1,4,フック/その他,,,,3,3,1,,フック/その他,,,,
有田川町,25,下湯川公衆トイレ,有田川町下湯川353-3,34.059542,135.476197,あり,終日,,,,5,,,,,,,,,1,1,,,,,,,,,,,,,男女兼用
有田川町,26,安諦地区基幹集落センター（安諦出張所）公衆トイレ,有田川町板尾219-3,34.119209,135.490495,なし,終日,,,,10,,,,,,,1（1）,,2,3,,,,,,,,,,,,,男女兼用
有田川町,27,上湯川公衆トイレ,有田川町上湯川377,34.062104,135.492175,あり,終日,,,,5,,,,,,,1,,,1,,,,,,,,,,,,,男女兼用
御坊市,1,ふれあい水辺公園藤井公衆トイレ,御坊市藤田町,33.905703,135.176625,なし,終日,50,,1,,1,1,,,,,,,,,,,,,1,,1,,,,,,台風で使用不可男性トイレと多目的トイレは兼用
御坊市,2,ふれあい水辺公園せせらぎ広場公衆トイレ,御坊市野口,33.902894,135.189303,あり,イベント時のみ開放,100,,,,1,,,,,,,,1(1),,フック,,,,,,1(1),,フック,,,,
御坊市,3,野口オートキャンプ場,御坊市野口,33.897406,135.193113,なし,終日,100,,,,1,1,1,,1,,1,1,1,1,,,,,4,4,2,,,,,,
御坊市,4,日高港塩屋緑地公衆トイレ,御坊市塩屋町南塩屋,33.867235,135.159807,あり,終日,15,,1,,1,,,,,,,,1,2,フック,,,,,,2,,フック,,,,
御坊市,5,御坊駅公衆トイレ,御坊市湯川町小松原,33.9077659,135.1593417,なし,終日,,,,有り,1,1,1,,1,1,1,1,1,2,,,,,2,2,1,,,,,,
御坊市,6,まちなみの駅,御坊市薗637-1,33.885059,135.154622,なし,終日,6,,1,,1,1,1,,1,1,1,1,,2,,,,,2,1,1,,,,,2,
御坊市,7,八幡山公園公衆トイレ,御坊市藤田町吉田,33.913205,135.170009,なし,終日,,,,有り,,,,,,,,,1,1,,,,,,,1,,,,,,
美浜町,1,潮騒かおる公園公衆トイレ,美浜町和田1979,33.892459,135.1254207,あり,終日,,,1,,1,1,,,,,1,1,,2,フック,,,,2,2,,,フック,,,,
美浜町,2,自衛隊前公衆トイレ,美浜町和田1138,33.893959,135.125501,あり,終日,,,,,1,,,,1,1,,,1,2,フック,,,,1,1,1,,,,,,
美浜町,3,若者広場公衆トイレ,美浜町945-1,33.8931461,135.1060116,なし,終日,,,,,,,,,,,1(1),1,,3(1),,,,,2,2,,,,,,,
美浜町,4,浜ノ瀬緑地公園内トイレ（日高港浜ノ瀬緑地）,美浜町浜ノ瀬海浜地,33.878046,135.151319,あり,終日,,,,,1,1,,,,,,,1(1),2,フック,,,,2,,,,,,,,
美浜町,5,煙樹ヶ浜キャンプ場トイレ,美浜町吉原,33.891162,135.128016,なし,終日,,,,,1,,,,,,,,3,3(1),フック,,,,,,,,,,,,兼用・多目的別
美浜町,6,西山ピクニック緑地公衆トイレ1,日高町日高町産湯　,33.911476,135.084233,あり,終日,,,,,,,,,,,,,1,3,フック,,,,,,3,,棚/フック,,,,日高町と美浜町の境目にある所で、住所は日高になってます
日高町,1,日高町役場横公衆トイレ,日高町高家626,33.925867,135.141271,あり,8：30～22：00,21,,1,,1,,,,1,,,,,,,,,,,,,,,,,,男女兼用
日高町,2,谷口公衆トイレ,日高町志賀,33.948552,135.096201,なし,,,,,,,,,,,,,,1,2,,,,,1,1,2,,,,,,
日高町,3,温泉館「海の里」みちしおの湯公衆トイレ,日高町方杭100,33.938241,135.087008,あり,終日,50,,2,,1,1,,,,,,,1(1),2(1),フック,,,,,,2(2),,フック,,,,
日高町,4,比井地区公衆トイレ,日高町比井79-1,33.918171,135.079392,あり,終日,,,,5,1,,,,1,,,,1,1,フック,,,,,,,,,,,,兼用
日高町,5,産湯パブリックトイレ,日高町産湯728-1,33.907376,135.082784,あり,終日,100,,2,,1,,,,1,1,1(1),1,1(1),5(1),棚/フック,,,,1(1),1,3(3),,フック,,,,
日高町,6,阿尾漁港内公衆トイレ,日高町阿尾108-4,33.902657,135.076934,あり,終日,,,1,3,1,,,,1,1,,,1(1),2(1),フック,,,,,,2(1),,フック,,,,
日高町,7,金魚茶屋駐車場公衆トイレ,日高町原谷900,33.975951,135.169814,あり,終日,,,,10,1,,,,,,,,,2,,,,,1,,2,,フック,,,,男性のみ多目的兼用
日高町,8,小中公衆トイレ,日高町小中,33.924181,135.1308616,なし,,,,,,,,,,,,1,1,1,2,,,,,,,,,,,,,男女兼用
日高町,9,小浦地区公衆トイレ,日高町小浦86-3,33.927443,135.073744,あり,終日,8,,1,,1,,,,1,1,,,1(1),1(1),他,,,,,,1(1),,フック,,,,10/16土砂崩れの為、一部通行止め
日高町,10,萩原公衆トイレ,日高町荻原,33.9299075,135.141346,なし,,,,,,,,,,,,1,1,,3,,,,,1,1,2,,,,,,
日高町,11,高家地区公衆トイレ,日高町高家914,33.917801,135.137863,あり,終日,9,,1,,1,,,,1,,,,,,,,,,,,,,,,,,男女多目的兼用
日高町,12,クヌッセン機関長救命艇展示施設公衆トイレ,日高町高屋626,33.894559,135.065246,あり,終日,3,,1,,1,,1,,1,,,,1(1),1(1),フック,,,,,,1(1),,フック,,,,
日高町,13,内原王子神社公衆トイレ（近畿自然内原王子公衆便所）,日高町大字萩原1670,33.934831,135.140262,なし,,,,,,,,,,,,,,,,,,,,,,,,,,,,
由良町,1,阿戸公衆トイレ,由良町阿戸1002-37,33.956145,135.111419,あり,終日,,,1,,1,,,,1,1,1,1,,2(1),フック,,,1,1,1,1(1),,フック,,,1,
由良町,2,白崎海洋公園パークセンター内公衆トイレ,由良町大引960-1,33.977084,135.072377,あり,8：30～17：15,80,,2,,1,,,,1,1,1,1,1,3,フック,,,1,2,2,1,,フック,1,,2,
由良町,3,吹井公衆トイレ,由良町神谷,33.957866,135.095876,あり,終日,22,,1,,1,,,,,,,,1,1,フック,,,,,,1,,フック,,,,
由良町,4,神谷公衆トイレ,由良町神谷466-2,33.957583,135.090014,あり,終日,5,,,,1,,,,1,,,,1(1),2,フック,,,,,,2,,フック,,,,
由良町,5,汐入橋公衆トイレ,由良町大引780-5,33.967095,135.086703,あり,終日,,,,2,1,,,,1,1,1,1,,2,フック,,,,1,1,1,,フック,,,,
由良町,6,大引西公衆トイレ,由良町大引616-1,33.970046,135.082777,あり,終日,,,,,1,,,,1,1,1,1,,1,フック,,,,1,1,,,フック,,,,
由良町,7,白崎万葉公園公衆トイレ,由良町大引956-5,33.971984,135.079348,あり,終日,,,,2,1,,,,1,1,1,1,,2,フック,,,,1,1,1,,フック,,,,復旧工事中※令和2年2月末完成予定
由良町,8,道の駅白崎海洋公園公衆トイレ（パークセンター側）,由良町大引960-1,33.976368,135.072243,あり,終日,80,,2,,1,,,,1,1,1,1,1,4,フック,,,1,1,1,3,,フック,,,1,
由良町,9,白崎海洋公園公衆トイレ（オートキャンプ場側）,由良町大引960-1,33.976626,135.070388,あり,終日,80,,2,,1,,,,1,1,1,1,,2(1),フック,,,1,1,1,1,,フック,,,1,復旧工事中
由良町,10,小引農村広場公衆トイレ,由良町小引543,33.978767,135.088693,あり,終日,,,,1,1,,,,1,1,1,1,,1,フック,,,,1,1,,,フック,,,,
由良町,11,戸津井公衆トイレ,由良町戸津井187-3,33.988474,135.09411,あり,終日,,,1,1,1,,,,1,1,1,1,,1(1),フック,,,1,1,1,,,フック,,,1,
由良町,12,漁港美化推進施設公衆トイレ（衣奈公衆トイレ）,由良町衣奈43-9,33.990651,135.105673,あり,終日,,,,3,1,,,,1,1,1,1,,1(1),フック,,,1,1,1,,,フック,,,1,
由良町,13,ゆらっと紀州公衆トイレ（旧原邸）,由良町中257,33.97418581,135.13857365,あり,終日,17,,2,,1,,,,1,1,1,1,,2,フック,,,,2,2,,,フック,,,,
由良町,14,町民公園公衆トイレ,由良町吹井910-1,33.971207,135.111491,あり,終日,,,1,,1,,,,1,1,1,1,,2(1),フック,,,1,1,1,,,フック,,,1,
印南町,1,共栄公衆トイレ,印南町大字宮ノ前368番地の5,33.822067,135.251632,あり,終日,1,,1,1,1,,1,,1,1,,,1,2,,,,,1,1,1,,,,,,
印南町,2,印南駅前公衆トイレ,印南町印南大字2643番地の1,33.8180145,135.2197418,あり,終日,3,,1,2,1,,1,,1,1,1,1,0,2,,,,1,2,2,,,,,,2,
印南町,3,印南浜公衆トイレ,印南町大字印南4484番地の40,33.812935,135.218621,あり,終日,,,,30,,,,,,,,,2,1,,,,,,,,,,,,,男女兼用
印南町,4,印南浜西公衆トイレ,印南町大字印南4485番地の34,33.814203,135.214460,あり,終日,,,,30,,,,,,,2,2,,2,,,,,,,,,,,,,男女兼用
印南町,5,真妻公衆トイレ,印南町大字高串38番地の1,33.880205,135.321800,あり,終日,2,,1,50,1,,1,,1,1,1,1,,2,,,,,2,2,,,,,,,
印南町,6,切目駅前公衆トイレ,印南町大字島田1163番地の2,33.797187,135.240967,あり,終日,,,1,5,1,,1,,1,1,1,1,,2,,,,1,2,2,,,,,,2,
印南町,7,稲原駅前公衆トイレ,印南町大字印南原1049番地の2,33.852928,135.229738,あり,終日,3,,1,,1,,1,,1,1,1,1,,2,,,,,2,2,,,,,,,
みなべ町,1,森の鼻休憩所公衆トイレ,みなべ町堺578,33.742561,135.328415,あり,終日,35,,1,,1,1,,,1,,,,1(1),2,フック,,,,1,1,1(1),,フック,,,,
みなべ町,2,二子の浜公衆トイレ,みなべ町埴田1430,33.751369,135.325339,あり,終日,,,,2,1,,,,,,,,1,2(1),棚/フック,,,,1,,1,,棚/フック,,,,
みなべ町,3,JR岩代駅前公衆トイレ,みなべ町西岩代1561-2,33.780757,135.278992,あり,終日,3,,1,,1,1,,,1,,,,1,1(1),フック,,,,,,1,,,,,,
みなべ町,4,岩代大梅林公衆トイレ,みなべ町西岩代,33.7945652,135.300259,あり,終日,60,,1,,1,1,,,,,,,1,2,フック/他,,,,1,,1,,フック,,,,
みなべ町,5,南部梅林梅公園公衆トイレ,みなべ町晩稲,33.783662,135.344814,あり,梅林開園期間中終日,6,,1,,1,1,,,1,,1,,,1,フック/他,,,,1,,,,フック/他,,,,
みなべ町,6,道の駅「みなべうめ振興館」公衆トイレ,みなべ町谷口538-1,33.790795,135.3273,あり,終日,45,,2,,1,,,,1,1,1,1,,3,フック/他,,,,2,2,1,,フック,,,,
みなべ町,7,紀州備長炭振興館内公衆トイレ,みなべ町清川1267,33.851291,135.395176,なし,8:30～17:00土曜日休館,,,1,30,,,,,,,1,1,1,2,,,,,,,,,,,,,男女兼用
みなべ町,8,南部梅林駐車場公衆トイレ,みなべ町晩稲,33.783662,135.337594,あり,梅林開園期間中終日,,,1,50,1(1),1,,,1,,,,1,2(1),フック,,,,1,,1,,フック,,,,
みなべ町,9,JR　南部駅前公衆トイレ,みなべ町芝371-2,33.767486,135.324339,あり,終日,,,,,1,1,,,1,1,2,2,,3(1),,,,,3,3,,,,,,,
みなべ町,10,島ノ瀬ダム公衆トイレ,みなべ町東神野川1641-3,33.843384,135.373147,あり,終日,4,,1,,1(1),1,,,1,,,,1,2,フック,,,,,,,,,,,,男女兼用
みなべ町,11,小目津公園公衆トイレ,みなべ町山内368-2,33.768411,135.305096,あり,終日,18,,2,,1,,,,1,,1,,,2,他,,,,2,,,,フック,,,,
みなべ町,12,目津公衆トイレ,みなべ町山内,33.766961,135.298565,あり,終日,,,,20,1,,,,1,,1,1,,2(1),フック,,,,2,2,,,フック/他,,,,
みなべ町,13,うめ振興館内公衆トイレ,みなべ町谷口538-1,33.7907618,135.3271937,なし,9:00～17:00火曜日休館,45,,2,,1,1,1,,1,,1,1,1,5,,,,,3,3,2,,,,,,3階：男、女・多目1階：男・女
日高川町,1,かわべテニス公園公衆トイレ,日高川町和佐2095,33.895769,135.213638,なし,,,,,,,,,,,,,,,,,,,,,,,,,,,,
日高川町,2,JR和佐駅前公衆トイレ,日高川町和佐1429-1,33.897416,135.207456,あり,終日,,,,10,1,1,,,1,簡易式,1,1,,2,フック,,,,2,1,,,フック,,,,
日高川町,3,森林公園公衆トイレ,日高川町大字初湯川地内,33.956654,135.384787,なし,,,,,,,,,,,,,,,,,,,,,,,,,,,,
日高川町,4,大滝川森林公園公衆トイレ,日高川町山野2021,33.89811,135.267825,あり,終日,,,,15,,,,,,,1(1),1,,2,他,,,,2,1,,,棚,,,,
日高川町,5,道の駅「SanPin」中津公衆トイレ,日高川町船津794,33.950253,135.263339,あり,終日,,,1,14,1,,,,1,簡易式,1,1,,2,フック,,,,3,1,,,フック,,,,
日高川町,6,寒川公衆トイレ,日高川町寒川137-1,33.954684,135.465913,あり,終日,,,,3,1,,,,,簡易式,1,,,1,他,,,,1,,,,フック,,,,女性、多目的兼用
日高川町,7,鳴滝キャンプ場管理棟公衆トイレ,日高川町高津尾1471-2,33.948887,135.301098,なし,,,,,,,,,,,,,,,,,,,,,,,,,,,,
日高川町,8,第2鳴滝キャンプ場管理棟公衆トイレ,日高川町高津尾1013-3,33.950799,135.296237,なし,,,,,,,,,,,,,,,,,,,,,,,,,,,,
日高川町,9,第2鳴滝キャンプ場前公衆トイレ,日高川町高津尾1013-4,33.950986,135.296572,あり,終日,,,2,20,1,,,,,,,,1,2,棚/フック/他,,,,,,2,,棚/フック,,,,
日高川町,10,鷲の川渓流アマゴ釣り公園公衆トイレ,日高川町田尻550-8,33.929578,135.336065,あり,終日,,,,10,,,,,,,1,1,,2,他,,,,,,,,,,,,兼用
日高川町,11,日高川町役場美山支所前公衆トイレ,日高川町川原河202-1,33.981866,135.366852,あり,終日,,,,30,1,1,1,,1,簡易式,1,1,,1(1),フック/他,,,,,,,,,,,,兼用
日高川町,12,美山若者広場公衆トイレ,日高川町初湯川1911-14,33.959886,135.387581,なし,終日,,,,50,1,,,,1,簡易式,簡易式,1,,4,他,,,,4,1,,,棚,,,,
日高川町,13,日高川ふれあいドーム公衆トイレ,日高川町高津尾1046,33.957801,135.295302,あり,,,,,,,,,,,,,,,,,,,,,,,,,,,,
日高川町,14,グリーンパーク椿山公衆トイレ,日高川町初湯川1881-3,33.965124,135.392786,あり,終日,,,,10,,,,,,,,,1,1,フック/他,,,,,,2,,フック,,,,
日高川町,15,浪瀬公衆トイレ,日高川町初湯川1949-1,33.96503,135.39666,あり,終日,,,,15,1,,,,1,簡易式,2,1,,2,棚,,,,2,1,,,棚/フック,,,,
日高川町,16,猪谷パーク公衆トイレ,日高川町初湯川1737,33.967621,135.421752,あり,終日,,,2,28,1,1,1,,,,,,1,2(1),棚/フック,,,,1(1),,1(1),,棚/フック,,,,
日高川町,17,かわべ天文公園駐車場公衆トイレ,日高川町和佐2106-1,33.894132,135.214154,なし,終日,,,,50,2,,,,2,簡易式,1,1,1,4,,,,,3,3,1,,,,,,多目的トイレが2つあり
日高川町,18,かわべ天文公園コスモポート公衆トイレ,日高川町和佐2107-1,33.894619,135.216957,なし,終日,,,,50,2,,,,2,簡易式,1,1,,5,フック/他,,,,2,2,2,,フック/他,,,,多目的トイレが2つあり
日高川町,19,かわべ天文公園コスモポート観星棟公衆トイレ,日高川町和佐2107-1,33.894783,135.217429,なし,,,,,,1,,,,1,,1,1,,1,,,,,1,1,,,,,,,
日高川町,20,愛徳荘公衆トイレ,日高川町初湯川202,33.959372,135.386508,なし,,,,,,,,,,,,4,4,3,15,,,,,8,8,4,,,,,,
日高川町,21,愛徳荘ログハウス公衆トイレ,日高川町初湯川202,33.95924,135.386927,なし,,,,,,,,,,,,1,1,,,,,,,,,,,,,,,男女兼用
田辺市,1,奥熊野古道本宮公衆トイレ,田辺市本宮町伏拝,33.864812,135.762145,あり,終日,,,,,1,,,,1,簡易型,1(1),1,1(1),4(1),フック,,,1,1,1,4,,フック,,,,トイレ内中央にオストメイト1
田辺市,2,発心門公衆トイレ（休憩所）,田辺市本宮町三越,33.861159,135.723575,あり,終日,,,,,1,1,,,,,1,,1,2(1),フック,,,,1,,2,,フック,,,,
田辺市,3,伏拝公衆トイレ（休憩所）,田辺市本宮町伏拝,33.860244,135.756998,あり,終日,,,,,,,,,,,1,,1,2(1),,,,,1,,2,,フック,,,,
田辺市,4,八木尾公衆トイレ,田辺市本宮町切畑,33.877817,135.759845,あり,終日,,,,,,,,,,,,,1,2,フック,,,,1,,1,,フック,,,,
田辺市,5,船玉広場（赤木越入口）公衆トイレ,田辺市本宮町三越,33.85621,135.717046,あり,終日,,,,,,,,,,,,,1,1,フック,,,,,,2,,フック,,,,
田辺市,6,湯峯公衆トイレ（県立）,田辺市本宮町湯峯,33.82764,135.756738,あり,終日,,,,,1,1,,,,,,,1,2(1),フック,,,,,,2,,棚/フック,,,,
田辺市,7,請川公衆トイレ（県立）,田辺市本宮町請川,33.821762,135.792676,あり,終日,,,,,1,1,,,,標準型,,,1(1),2(1),フック,,,,1(1),,2(2),,棚/フック,,1,,
田辺市,8,扇ヶ浜海岸駐車場公衆トイレ,田辺市扇ヶ浜地先,33.727569,135.376646,あり,終日,,400,6,,1,,,,1,簡易型,,,1,2,,,,,,,1,,,,,,
田辺市,9,新川湯広場公衆トイレ,田辺市本宮町川湯,33.812369,135.772483,あり,終日,,,,,1,1,,,1,簡易型,,,1,1,フック,,,,1,1,1,,フック,,,,
田辺市,10,芳養公園公衆トイレ,田辺市芳養町地内,33.750269,135.349349,なし,終日,,,,,1,,,,1,1,,,1,1,,,,,,,1,,,,,,
田辺市,11,小雲取公衆トイレ（県立）,田辺市本宮町皆瀬川,33.79785,135.821588,あり,終日,3,,,,,,,,,,1,,,,,,,,,,,,,,,,
田辺市,12,音無川公衆トイレ,田辺市本宮町本宮,33.834843,135.773083,あり,終日,8,,1,,1,1,,,1,標準型,,,1,2(1),フック,,,,1,1,1,,フック,,,,男女兼用
田辺市,13,水呑王子公衆トイレ,田辺市本宮町三越,33.858325,135.736729,あり,終日,,,,,,,,,,標準型,1,1,,,他,,,,,,,,,,,,男女兼用
田辺市,14,世界遺産熊野本宮館公衆トイレ（北・南館）,田辺市本宮町本宮,33.838537,135.775593,あり,9：00～17：00,56,,2,,2,,,,1,標準型,4,4,,7(2),フック,,,,8,1,,,フック,,,,
田辺市,15,滝尻公衆トイレ,田辺市中辺路町栗栖川,33.774931,135.503855,あり,終日,,,,,1,,,,1,簡易型,,,1,,フック,,,,1,1,1,,フック,,,1,
田辺市,16,牛馬童子公衆トイレ,田辺市中辺路町近露,33.812079,135.595043,あり,終日,,,,,1,,,,,,,,1,3,,,,,3,1,4,,フック,,,1,女性用の温水洗浄便座は洋のみ
田辺市,17,中辺路新滝尻公衆トイレ,田辺市中辺路町栗栖川,33.7755,135.504547,あり,終日,,,,,1,1,,,1,1,1,1,,3(1),フック,,,,2,1,1,,フック,,1,,
田辺市,18,水上公衆トイレ,田辺市中辺路町水上,33.825749,135.485437,あり,終日,10,,,,1,,,,1,,1,,1,3(1),フック,,,,1,1,4,,棚,,,1,
田辺市,19,真砂公衆トイレ,田辺市中辺路町真砂,33.758518,135.497972,あり,終日,4,,,,,,,,,,,,1(1),1(1),棚,,,,1,1,2,,棚,,,,
田辺市,20,野中公衆トイレ,田辺市中辺路町野中,33.828716,135.635901,あり,終日,,,,,1,,,,1,簡易型,,,1,1,フック,,,,1,1,2,,フック,,,,女性用の温水洗浄便器は洋のみ
田辺市,21,小広公衆トイレ,田辺市中辺路町野中,33.835841,135.658716,あり,終日,4,,,,1,,,,,,,,1,1(1),棚,,,,,,,,,,,,男女兼用
田辺市,22,新近露王子公衆トイレ,田辺市中辺路町近露,33.814509,135.605904,あり,終日,2,,,,1,,1,,,簡易型,,,1(1),2(1),棚/フック,,,,,,2(2),,棚/フック,,,,隣に足湯あり（年末除く１１：００～１６：００）
田辺市,23,近露公衆トイレ,田辺市中辺路町近露,33.812596,135.606427,あり,終日,35,,1,,1,,,,1,簡易型,1(1),1,1(1),5(2),フック,,,1,1(1),1,3,,フック,,,1,
田辺市,24,十丈王子公衆トイレ,田辺市大内川,33.800729,135.559467,あり,終日,18,,,,,,,,,,2(2),,,,他,,,,,,,,,,,,男女兼用
田辺市,25,乙女の湯公衆トイレ,田辺市下川下,33.742052,135.585197,あり,終日,,,,,,,,,,,,,1(1),1,フック,,,,1(1),1,1,,フック,,,,
田辺市,26,ふるさとセンター大塔公衆トイレ,田辺市鮎川,33.742929,135.502408,あり,終日,13,,2,,1,,,,1,簡易型,,,1,1,棚,,,,,,,,,,,,男女兼用
田辺市,27,三軒茶屋公衆トイレ,田辺市本宮町大居,33.858288,135.775118,なし,終日,,,,,,,,,,,2,,,,,,,,,,,,,,,,男女兼用
田辺市,28,道の駅「田辺市龍神ごまさんスカイタワー」公衆トイレ,奈良県吉野郡十津川村大字杉清地内,34.061517,135.564514,あり,終日,,,,50,1,,,,1,1,1,1,,3,棚/フック,,,,2,1,1(1),,棚/フック,,,,
田辺市,29,大熊公衆トイレ,田辺市龍神村龍神,33.991408,135.55475,あり,終日,,,,5,,,,,,,,,1,3,,,,,,,4,,,,,,
田辺市,30,皆瀬公衆トイレ,田辺市龍神村龍神,33.967208,135.564849,あり,終日,,,,1,,,,,,,,,2,4,,,,,,,4(1),,,,,,
田辺市,31,季楽里龍神前公衆トイレ,田辺市龍神村,33.9683993,135.5628991,なし,終日,,,,11,1,1,,,1,1,1,,1,3,,,,,1,,3,,,,,,
田辺市,32,紀の国新王子公衆トイレ,田辺市龍神村龍神,33.965252,135.564395,あり,終日,,,,3,1,,,,1,簡易型,,,1,2,フック,,,,1,1,1,,フック,,,,
田辺市,33,龍神温泉公衆トイレ,田辺市龍神村龍神59,33.956307,135.562378,あり,終日,,,,,1,1,,,1,簡易型,1(1),1,1(1),3(1),棚/フック,,,,2,1,2,,フック,,,,棚小さい、女性用の温水洗浄便座は洋に１つのみ
田辺市,34,殿原公衆トイレ,田辺市龍神村殿原1286-2,33.900606,135.533439,あり,終日,,,,5,1,,,,1,1,1,1,1,1,,,,,,,,,,,,,男女兼用、温水洗浄便座は動かない
田辺市,35,古道ヶ丘公衆トイレ,田辺市中辺路町栗栖川,33.785708,135.507552,なし,終日,,,,,,,,,,,1,1,,2,,,,,2,2,,,,,,,
田辺市,36,虎ヶ峰公衆トイレ,田辺市龍神村柳瀬上笹ノ川1695-29,33.858142,135.462602,あり,終日,,,,15,1,,,,1,,1,1,,2,フック,,,,1,1,1,,フック,,,,
田辺市,37,小菅公衆トイレ,田辺市龍神村福井,33.895403,135.439396,あり,終日,,,,,1,,,,1,,,,1,3,他,,,,1,1,2,,フック,,,,女性用の温水洗浄便座は洋にのみ、フックは和のみ、個室外にベビーベッドあり
田辺市,38,小家公衆トイレ,田辺市龍神村小家673,33.933451,135.427032,あり,終日,,,,,,,,,,,,,1,2,フック,,,,,,,,,,,,男女兼用
田辺市,39,田辺梅林公衆トイレ,田辺市上芳養石神,33.823818,135.408037,あり,終日,,,,,1,,1,,1,標準型,1(1),1,,1,フック,,,,1(1),1,,,棚/フック,,,,
田辺市,40,高山寺公衆トイレ,田辺市稲成町392,33.740224,135.378167,あり,終日,,,,,1,1,,,1,,,,1(1),2(1),フック,,,,1(1),1,1(1),,フック,,,,
田辺市,41,ひき岩群国民休養地公衆トイレ,田辺市稲成町字動鳴気1627-1,33.764612,135.381893,あり,終日,,,,,1,,,,,,,,1,2,,,,,,,2,,棚/フック,,,,
田辺市,42,近畿自然歩道奇絶峡公衆トイレ,田辺市上秋津1416,33.781188,135.412215,あり,終日,,,,,1,1,,,,,,,1(1),1(1),棚/フック,,,,,,1(1),,フック,,,,
田辺市,43,紀州備長炭記念公園,田辺市秋津川1491-1,33.803251,135.427238,あり,終日,,,,,1,,,,1,標準型,1,1,1,4(1),フック,,,,2,1,3(1),,フック,,,,
田辺市,44,百間山公衆トイレ,田辺市熊野地内,33.713784,135.616681,なし,終日,,,,,1,,,,1,,,,1,1,,,,,,,1,,,,,,
田辺市,45,三越峠公衆トイレ,田辺市中辺路町道湯川,33.848523,135.69703,あり,8:00～17:00,,,,,,,,,,,1(1),,,,棚,,,,1,,,,棚,,,,
田辺市,46,天神崎元島防波堤前公衆トイレ,田辺市目良１５００－３,33.729443,135.351505,あり,終日,,,1,25,1,1,,,1,1,,,1,1,フック,,,,,,1,,フック,,,,
田辺市,47,天神崎丸山灯台前公衆トイレ,田辺市天神崎１４６２,33.726688,135.353702,あり,終日,,,,,1,1,,,1,1,,,1,1,フック,,,,,,1,,フック,,,,
田辺市,48,三川公衆トイレ,田辺市合川６３７－１６,33.689474,135.568402,あり,終日,,,,,1,,,,,,,,1,1,フック,,,,,,,,,,,,男女兼用
田辺市,49,田辺市観光センター公衆トイレ,田辺市湊,33.7328036,135.3843944,あり,終日,,,,,1,1,,,1,1,1,1,,3,フック,,,,2,2,1,,フック,,,,段差解消
田辺市,50,川湯野営場公衆トイレ１,田辺市本宮町川湯,33.8156496,135.7793839,なし,終日,,,,,,,,,,,,,,,,,,,,,,,,,,,キャンプ場内
田辺市,51,川湯野営場公衆トイレ２,田辺市本宮町川湯,33.8163357,135.7802791,なし,終日,,,,,,,,,,,,,,,,,,,,,,,,,,,キャンプ場内
田辺市,52,川湯駐車場公衆トイレ,田辺市本宮町川湯,33.813166,135.77625,あり,終日,,,2,33,1,1,1,,1,標準型,1,1,,1,フック,,1,,2,2,,,フック,,1,,
田辺市,53,潮見峠休憩所兼トイレ,田辺市中辺路町栗栖川1272-2,33.782468,135.480506,あり,終日,,,,15,,,,,,,2,,,,,,,,,,,,,,,,男女兼用
田辺市,54,田辺市街なかポケットパーク,田辺市湊,33.7301327,135.3828314,あり,終日,,,,,1,1,,,1,1,1,1,,2,フック,,,,2,2,,,フック,,,,
田辺市,55,柳瀬公衆トイレ,田辺市龍神村柳柳瀬,33.8798529,135.4739098,なし,終日,,,,10,1,1,1,,1,1,1,,,1,フック,,,,1,,,,フック,,,,
白浜町,1,崎の湯公衆トイレ,白浜町1688,33.6768216,135.3369493,あり,終日,,,,,1,,,,1,,1,1,,2,,,,,1,1,1,,,,,,
白浜町,2,JR紀伊富田駅前公衆トイレ,白浜町栄609-2,33.652768,135.39345,なし,,,,,,1,,,,1,1,1,1,,2,,,,,2,2,,,,,,,
白浜町,3,大辺路街道休息所公衆トイレ,白浜町安居1579,33.605581,135.484126,なし,,,,,,1,,,,1,1,,,,1,,,,,1,1,,,,,,,オストメイト簡易、多目的と男性兼用
白浜町,4,安居辻松峠公衆トイレ,白浜町安居1214-1,33.637482,135.413597,あり,,,,,,,,,,,,,,1,,,,,,1,,,,,,,,和式男女兼用
白浜町,5,白良浜北公衆トイレ,白浜町864,33.683913,135.344199,あり,終日,,,,,1,,,,1,,,,1,2,フック,,,,1,1,1,,,,,,
白浜町,6,向平キャンプ村公衆トイレ,白浜町久木23,33.63352,135.468217,なし,終日,,,,,1,,,,1,,1,1,2,4,,,,,1,1,5,,,,,,多目的ﾄｲﾚ内に小便器が１つあります
白浜町,7,白良浜中央公衆トイレ,白浜町3121-8,33.682011,135.345357,あり,終日,,,,,2,,,,,,,,2,5(1),棚,,,,1,1,10,,棚(洋),,,,女性トイレ、赤ちゃん寝かせられる
白浜町,8,平草原公園公衆トイレ,白浜町2054-1,33.671158,135.348762,変更あり,終日,60,,1,,1,,,,1,1,2,2,,3(1),棚,,1,,4,4,,,棚,1,2,,
白浜町,9,JR椿駅公衆トイレ,白浜町椿330-2,33.60976,135.403908,あり,終日,,,,10,1,,1,1,0,1,,,1,1,棚/フック,,,,,,1,,棚/フック,,1,,
白浜町,10,千畳敷公衆トイレ,白浜町2927-75,33.670596,135.330946,あり,終日,41,,,,,,,,,,1,1,1,3,棚/フック,,,,1,1,3,,フック,,,,
白浜町,11,三段壁公衆トイレ,白浜町2927-1823,33.665877,135.335871,あり,終日,,,,,1,,,,1,,1(1),1,2,5(1),フック/他,,,,1,1,4,,フック,,,,
白浜町,12,三段駐車場公衆トイレ,白浜町2927-317,33.66591,135.337308,あり,終日,38,,,,1,,,,1,1,,,,2,,,,,1,1,1,,棚,,,,
白浜町,13,道の駅　志原海岸公衆トイレ,白浜町日置2039-117,33.570254,135.431736,あり,終日,,,4,60,1,1,,,1,1,1(1),,1,5(1),棚/フック,,1,,4(2),4,1,,棚／フック,,1,4,
白浜町,14,江津良公衆トイレ,白浜町107先,33.693094,135.350403,あり,終日,,,,,1,1,1,,,かんい式,1,1,,2(1),フック,,,,1,1,1,,フック,,,,
白浜町,15,JR白浜駅公衆トイレ,白浜町堅田1475,33.675694,135.38716,あり,終日,,,2,18,1,1,1,,,1,1,,,3(1),フック,,,,3,,,,フック,,,,
白浜町,16,白鳥公園公衆トイレ,白浜町十九渕274-5,33.660912,135.403649,あり,終日,,,,,1,,,,1,,1(1),1,,2(1),フック,,,,2,1,,,フック,,,,
白浜町,17,近畿自然歩道富田公衆トイレ,白浜町富田1206-1,33.642219,135.407186,あり,終日,,,1,10,1,,1,1,,1,1(1),1,,2(1),棚/フック,,,,1,1,1,,棚/フック,,1,,
白浜町,18,椿はなの湯,白浜町椿1058-1,33.603275,135.391887,あり,終日,15,,2,4,1,,,,1,1,1(1),1,,2(1),フック,,,,2,1,,,フック,,,,
白浜町,19,綱不知公園公衆トイレ,白浜町1162-48,33.685184,135.354035,変更あり,終日,,,,1,1,,,,1,簡易型,,,,,,,,,,,,,,,,,男女兼用
白浜町,20,臨海浦公衆トイレ,白浜町3603,33.69353,135.340915,あり,終日,,,,1,1,,,,1,1,1,1,,2,,,,,2,2,,,,,,,
白浜町,21,臨海公衆トイレ,白浜町508,33.691646,135.339418,あり,終日,,30,,30,1,1,,,1,1,,,1,3,フック,,,,2,2,2,,フック,,,,3時間まで300円駐車スペース（車30台、バス６台）
白浜町,22,白良浜南公衆トイレ,白浜町3079-20,33.679299,135.343473,あり,終日,,,,,1,1,1,,1,1,,,1(1),3(1),フック/他,,,,1,1,1,,フック/他,,,,
白浜町,23,JR紀伊日置駅公衆トイレ,白浜町矢田160-2,33.585588,135.457739,あり,終日,,,2,10,1,,,,1,簡易型,1,1,,1(1),フック,,,,,,,,棚／フック,,,,女性、多目的兼用
上富田町,1,若もの広場公衆トイレ,上富田町市ノ瀬2504,33.715524,135.460407,あり,終日,4,,1,,1,,,,1,標準型,,,1,2(1),他,,,,,,2,,フック,,,,
上富田町,2,彦五郎公園公衆トイレ,上富田町生馬523-3,33.694458,135.432528,あり,終日,10,,,,1,,,,1,,,,1,2,フック,,,,,,2,,フック,,,,
上富田町,3,市ノ瀬小山公衆トイレ,上富田町市ノ瀬,33.7134198,135.4599264,あり,終日,10,,1,,1,,,,1,1,1,,,2,,,,,1,1,1,,,,,,
上富田町,4,稲葉根王子公衆トイレ,上富田町岩田,33.712629,135.453832,あり,終日,,,,,,,,,,,1,,2,1,棚/フック,,,,,,,,,,,,男女兼用
上富田町,5,八上王子公衆トイレ,上富田町岡1383,33.726732,135.440056,あり,終日,5,,1,,1,1,1,,1,1,1(1),,,2(1),フック,,,,1,,1,,棚,,,,
上富田町,6,生馬公衆トイレ,上富田町生馬,33.689267,135.441249,あり,終日,,,,,1,1,1,,,標準型,1(1),,,2(1),フック,,,,1(1),,1(1),,フック,,,,
上富田町,7,道の駅「くちくまの公衆館」公衆トイレ,上富田町岩崎555-5,33.691008,135.427053,あり,終日,40,,2,,1,,,,1,1,1,1,1,5,,,,,8,8,3,,,,,,
上富田町,8,JR朝来駅前,上富田町朝来1362-2,33.696441,135.417588,あり,終日,,,,,1,,,,1,1,1,1,,2,,,,,1,1,1,,,,,,
すさみ町,1,日本童謡の園,すさみ町江住字崎山142,33.505035,135.588261,あり,終日,15,,,,1,,,,,,,,1,4,フック,,,,,,4,,フック,,,,
すさみ町,2,すさみ海水浴場公衆トイレ,すさみ町周参見東浜4581-1,33.545258,135.494432,あり,終日,50,,1,,1,,,,,,,,1(1),2(1),フック,,,,,,3,,フック,,,,
すさみ町,3,道の駅イノブータンランドすさみ公衆トイレ,すさみ町見老津1-32,33.520605,135.545433,あり,終日,13,,1,,1,,,,,標準型,,,,4(1),フック,,,,1,,3,,フック,,,,
すさみ町,4,熊野古道和深川公衆トイレ,すさみ町口和深258,33.534351,135.53907,あり,終日,4,,,,1,,,,1,,,,1,1,,,,,,,,,,,,,男女兼用
すさみ町,5,熊野古道見老津公衆トイレ,すさみ町見老津27-2,33.515473,135.575498,あり,終日,4,,,,1,,,,1,,,,1,1,,,,,,,,,,,,,男女兼用
すさみ町,6,JR周参見駅公衆トイレ（町民コミュニティプラザ）,すさみ町周参見,33.54685,135.495752,なし,,,,,,1,,,,1,,1,1,,2,,,,,1,1,1,,,,,,
すさみ町,7,すさみ町総合センター公衆トイレ,すさみ町周参見4089,33.549959,135.496696,なし,,,,,,3,,,,3,1,3,3,2,11,,,,,4,4,3,,,,,,
すさみ町,8,古座街道（佐本）公衆トイレ,すさみ町,33.5928404,135.6546034,なし,終日,,,,,1,,,,1,1,,,,2,,,,,,,,,,,,,多目的と兼用
すさみ町,9,若者ひろば公衆トイレ,すさみ町周参見3827,33.5592417,135.5038637,なし,終日,3,,1,,1,,,,1,,1,1,,2,,,,,2,2,,,,,,,
すさみ町,10,道の駅すさみ公衆トイレ,すさみ町江住808-1,33.5062433,135.6001022,なし,終日,55,,5,,1,,,,1,,1,1,1,3,,,,,5,5,1,,,,,,
新宮市,1,浮島の森公衆トイレ,新宮市浮島3-8,33.726091,135.990548,あり,9：00～16：00,6,,,,1,,,,1,標準型,,,1,3,,,,,1,1,1,,,,,,
新宮市,2,徐福公園公衆トイレ,新宮市徐福1-4-24,33.725961,135.995736,あり,9：00～18：00,,,,,1,,,,1,標準型,,,1,3,棚/フック,,,,1,1,1,,フック,,,,
新宮市,3,高野坂公衆トイレ,新宮市広角,33.701787,135.991473,あり,終日,,,,,1,,,,1,簡易型,,,,1(1),,,,,,,,,,,,,男女兼用
新宮市,4,熊野速玉神社駐車場トイレ,新宮市新宮1番地,33.73219,135.984618,あり,終日,30,,,,,,,,,,1,1,,6,フック,,,,2,1,2,,フック,,,,
新宮市,5,丹鶴城公衆トイレ,新宮市丹鶴,33.729954,135.992535,あり,終日,5,,,,,,,,,,1,1,,3,フック,,,,1,1,1,,フック,,,1,
新宮市,6,黒潮公園公衆トイレ（1）（三輪崎側）,新宮市佐野上地,33.680825,135.976068,あり,終日,10,,,,1,,1,,1,,,,1(1),1(1),フック,,,,,,,,,,,,男女兼用
新宮市,7,黒潮公園公衆トイレ（2）（佐野側）,新宮市佐野上地,33.68388,135.981323,あり,終日,10,,,,1,,1,,1,,,,,1(1),,,,,,,,,,,,,男女兼用
新宮市,8,道の駅公衆トイレ「瀞峡街道・熊野川」,新宮市熊野川町田長,33.789737,135.896427,あり,終日,13,,2,,1,,1,,1,標準型,1(1),1,1(1),3(1),,,,,3(1),1,1(1),,,,,1,
新宮市,9,小和瀬公衆トイレ,新宮市熊野川町長井,33.762983,135.845757,あり,終日,3,,,,1,,,,1,標準型,,,1,2(1),フック,,,,,,1,,フック,,,,
新宮市,10,まちなか観光情報センター公衆トイレ,新宮市浮島6,33.7267171,135.9912004,なし,9：00～17：00,20,,,,1,,,,1,,,,,,,,,,,,,,,,,,
新宮市,11,小口自然の家トイレ,新宮市熊野川町上長井398　,33.759801,135.840827,あり,終日,,,,,,,,,,,1,1,,,他,,,,1,1,1,,,,,,
新宮市,12,小口キャンプ場,新宮市熊野川町西　,33.760979,135.839668,あり,終日,,,,,1,,,,,,,,2,4,フック,,,,,,4,,フック,,,,
新宮市,13,三輪崎漁港交流施設,新宮市三輪崎1丁目,33.684954,135.98781,あり,10：00～17：00,,,,,1,,,,1,,,,,1(1),,,,,,,,,,,,,多目的を男女で兼用
新宮市,14,神倉神社公衆トイレ,新宮市神倉1-13-8,33.7245,135.98442,あり,終日,,,,,,,,,,,,,1(1),2,,,,,,,,,,,,,男女兼用
新宮市,15,高田グリーンランドトイレ,新宮市高田1810,33.727596,135.9106865,あり,,,,,,,,,,,,7,6,,10,,,,,8,6,,,,,,,
新宮市,16,新宮港緑地公衆トイレ,新宮市三輪崎,33.6828085,135.9805702,なし,終日,21,,2,,1,,1,,1,,1,1,,2,,,,,2,2,,,,,,,
新宮市,17,JR三輪崎駅公衆トイレ,新宮市三輪崎1-5-30,33.689363,135.98486,あり,終日,,,,,1,,1,,1,,,,,1(1),,,,,,,,,,,,,男女兼用
新宮市,18,JR紀伊佐野駅公衆トイレ,新宮市佐野3-9-2,33.680108,135.970925,あり,終日,,,,,1,,1,,1,,,,,1(1),,,,,,,,,,,,,男女兼用
那智勝浦町,1,那智山表参道公衆トイレ,那智勝浦町那智山137,33.669700,135.890931,あり,終日,,,,,1,1,,,,,1,,,3(1),,,,,1,,1(1),,,,,,
那智勝浦町,2,那智山滝前公衆トイレ,那智勝浦町那智山3-15,33.672666,135.889353,あり,終日,,,,,1,,,,,,,,1,3(1),フック,,,,2,,1,,棚/フック,,,,棚は洋式1室のみ
那智勝浦町,3,道の駅なち公衆トイレ,那智勝浦町浜の宮361-2,33.6444947,135.9367233,あり,終日,,,,,1,1,1,1,1,標準型,1(1),1,1(1),5(1),棚/フック,,洋に1,,4(4),1,1(1),,棚/フック,,,,
那智勝浦町,4,大門坂駐車場公衆トイレ,那智勝浦町市野々3034-2,33.669148,135.902471,あり,終日,,,,,1,1,1,,1,標準型,1,1,1,3(1),棚/フック,,,,2,,1,,棚/フック,,,,棚は洋室のみ
那智勝浦町,5,那智山熊野交通前公衆トイレ（駐車場）,那智勝浦町那智山442-2,33.669005,135.892450,あり,8：00～16：30,,38,1,,,,,,,,1,,,2,,,,,1,,4,,フック,,,,
那智勝浦町,6,朝日公園公衆トイレ（若者広場）,那智勝浦町朝日3-136,33.629806,135.938889,あり,終日,,,1,,,,,,,,,,,,,,,,,,,,,,,,
那智勝浦町,7,円満地公園公衆トイレ,那智勝浦町大野216,33.663758,135.855226,あり,終日,80,,,,,,,,,,,,3(1),4,フック,,,,,,6(1),,フック,,,,
那智勝浦町,8,木戸浦グラウンド公衆トイレ,那智勝浦町天満字木戸浦,33.637394,135.936355,あり,終日,,,,,,,,,,,1(1),1,,1(1),,,,,1(1）,1,,,,,,,
那智勝浦町,9,バースハウス公衆トイレ（ブルービーチ那智）,那智勝浦町浜ノ宮100-1,33.640002,135.935631,あり,終日,100,,,,1,,,,,,,,1,2,フック,,,,1,,1,,棚/フック,,,,"7,8月は終日利用可、シーズンオフは9:00～17:00"
那智勝浦町,10,JR紀伊勝浦駅前公衆トイレ,那智勝浦町築地,33.628519,135.941782,あり,終日,,,,,1,1,,,1,,1,1,1,3,フック,,,,1,1,1,,フック,,,,
那智勝浦町,11,海乃湯公衆トイレ（足湯）（勝浦漁港休憩所施設）,那智勝浦町築地7-1181-442,33.626979,135.943945,あり,終日,,,,,1,,,,,,,,,1,,,,,,,,,,,,,
那智勝浦町,12,バスターミナル公衆トイレ,那智勝浦町築地2-3-30,33.62798,135.944601,あり,終日,,18,1,,1,,,,1,標準型,,,1,3,棚/フック,,,,2,,1,,フック,,,,
那智勝浦町,13,渡の島公衆トイレ,那智勝浦町勝浦485-12,33.626047,135.948619,あり,終日,,,,,1,,,,,,,,1(1),2(12),フック,,,,,,2(1),,フック,,,,
那智勝浦町,14,下里天満海岸新公衆トイレ,那智勝浦町下里,33.57722,135.930276,あり,終日,,,,,1,,,,1,,,,1,1,棚,,,,,,,,,,,,
那智勝浦町,15,市屋公衆トイレ,那智勝浦町市屋,33.591149,135.912017,あり,終日,,,,,,,,,,,,,1,,フック,,,,,,1,,フック,,,,
那智勝浦町,16,大戸平公衆トイレ,那智勝浦町口色川,33.668979,135.881228,あり,終日,2,,1,,,,,,,,,,2,,,,,,,,,,,,,,
那智勝浦町,17,地蔵茶屋公衆トイレ,那智勝浦町口色川3796-1,33.714368,135.851392,あり,終日,3,,,,,,,,,,,,1,2,フック,,,,,,2,,フック,,,,
那智勝浦町,18,JR浦神駅公衆トイレ,那智勝浦町浦神375-6,33.560416,135.894015,あり,終日,3,,,,,,,,,,1,,,1,,,,,,,,,,,,,男女兼用
那智勝浦町,19,JR下里駅公衆トイレ,那智勝浦町下里662,33.58252,135.922396,あり,終日,3,,,,,,,,,,1,,,1,,,,,,,,,,,,,男女兼用
那智勝浦町,20,JR宇久井駅公衆トイレ,那智勝浦町宇久井62-4,33.662689,135.9726,あり,終日,3,,,,1,1,,,1,標準型,1,1,1,2,,,,,,,,,,,,,男女兼用
那智勝浦町,21,JR湯川駅公衆トイレ,那智勝浦町湯川1596-16,33.609531,135.924893,あり,終日,3,,,,,,,,,,1,1,,3,フック,,,,,,,,,,,,
那智勝浦町,22,天満公園公衆トイレ,那智勝浦町天満1785,33.639101,135.928165,あり,グラウンド・テニスコート利用時のみ,25,,2,,1,,,,,,1,,1,2,,,,,,,2,,,,,,
那智勝浦町,23,JR天満駅公衆トイレ,那智勝浦町天満415-3,33.636700,135.934572,あり,終日,,,,,,,,,,,1,,,,,,,,1,,,,,,,,男女兼用
那智勝浦町,24,椎の浦防災公園公衆トイレ,那智勝浦町勝浦583,33.629154,135.947790,あり,終日,,,,,1,,,,,,,,1,1,,,,,1,,,,,,,,
那智勝浦町,25,ふれあい公園公衆トイレ,那智勝浦町市野々3964-2,33.663076,135.909387,あり,終日,5,,,,1,1,,,1,,1,1,,2,,,,,1,1,1,,,,,,
太地町,1,JR太地駅公衆トイレ,太地町森浦241-1,33.591089,135.927569,あり,終日,2,,,,1,1,,,1,,1,1,,2,棚/フック,,,,2,1,,,棚/フック,,,,棚小さいサイズあり
太地町,2,常渡公衆トイレ,太地町太地2904-2,33.601559,135.944912,あり,終日,5,,,,1,1,,,1,,2(1),1,,4(1),フック,,,,4(1),1,,,棚/フック,,,,棚中サイズあり
太地町,3,くじら浜海水浴場公衆トイレ,太地町太地2944-8,33.599968,135.945374,あり,終日,3,,,,,,,,,,2(1),1,,2(1),フック,,,,4(1),1,,,フック,,,1,
太地町,4,捕鯨船隆場公衆トイレ,太地町太地2934-2,33.602886,135.942954,あり,終日,200,,,,1,1,1,,1,標準型,1,1,,2(1),棚/フック,,,1,2,1,,,棚/フック,,,1,
太地町,5,地藏院前公衆トイレ,太地町宇森浦553-2,33.591625,135.930881,なし,終日,,,1,1,1,,,,,1,1,1,,1,,,,,1,1,,,,,,,
太地町,6,太地漁港公衆トイレ,太地町太地3646-1,33.589982,135.947809,あり,終日,2,,1,,1,,,,1,1,2,1,,3(1),フック,,,,3,1,,,フック,,,,
太地町,7,太地公園公衆トイレ,太地町太地571-1,33.588474,135.952932,あり,終日,1,,,,1,,,,1,,1,1,,1,他,,,,1,1,,,他,,,,
太地町,8,燈明崎公園公衆トイレ,太地町太地155-3,33.591802,135.957747,あり,終日,3,,,,1,,,,1,,1,1,,1,他,,,,1,1,,,他,,,,
太地町,9,燈明崎公衆トイレ,太地町太地115-5,33.592914,135.960002,あり,終日,18,,1,,1,1,1,,1,標準型,1(1),1,,,フック,,1,,2(2),,,,棚/フック,,,洋室1,
太地町,10,梶取崎公衆トイレ,太地町太地1430-1,33.582589,135.956956,あり,終日,10,,,,1,1,,,1,標準型,2,1,,3(1),フック,,,洋室1,3,,,,フック,,,洋室1,
太地町,11,平見台園地公衆トイレ,太地町太地1770-30,33.579017,135.951916,あり,終日,10,,,,1,1,,,1,,1（１）,1,,2(1),他,,,,2(2),1,,,他,,,,
太地町,12,夏山園地公衆便所,太地町太地3904－1,33.614258,135.934314,あり,終日,1,,1,,1,1,,,1,標準型,1,1,,2(1),フック,,,,2,1,,,フック,,,,
太地町,13,太地漁港施設内公衆トイレ,太地町太地3393－4,33.590637,135.945825,あり,終日,,,1,,1,1,1,,1,標準型,1(1),1,,1(1),フック,,,洋室1,1(1),1,,,フック,,,洋室1,
太地町,14,町民グラウンド前公衆トイレ,太地町太地1770-9,33.581264,135.951966,あり,終日,10,,,,1,,,,,1,1,1,,1,,,,,1,1,,,,,,,
太地町,15,グリンピア跡地公衆トイレ,太地町森浦15-1,33.597451,135.927002,なし,終日,150,,1,,1,1,1,,,1,2,,,3,棚/フック,,1,,3,,,,棚/フック,,1,,
太地町,16,清水墓公衆トイレ,太地町太地3699,33.588055,135.946846,なし,終日,,,,3,1,1,1,,,1,,,,1,,,,,1,,,,棚/フック,,,,
太地町,17,第2暖海公園公衆トイレ,太地町太地3769-38,33.595102,135.946048,なし,終日,,,,,1,1,1,,1,1,,,,1,,,,,1,,,,棚/フック,,1,,
太地町,18,道の駅たいじ公衆トイレ,太地町森浦143-1,33.592116,135.933686,なし,終日,22,,2,,1,1,1,,,1,3,3,,5,棚/フック,1,1,,7,7,,,棚/フック,1,3,,
古座川町,1,佐田さくらの公衆トイレ,古座川町佐田439,33.596172,135.697539,あり,終日,,,,,1,1,,,1,,,,1,2,フック,,,,,,2,,フック,,,,
古座川町,2,一枚岩公衆トイレ,古座川町相瀬286-1,33.547164,135.717383,あり,終日,,,,,,,,,,,1(1),1,1,4(1),フック,,,,2(1),1,1,,棚/フック,,,,
古座川町,3,道の駅「一枚岩」公衆トイレ,古座川町相瀬290-2,33.545369,135.720532,あり,終日,,,,,1,,,,1,標準型,1(1),1,,2(1),フック,,,,1(1),1,1(1),,棚/フック,,,1,
古座川町,4,道の駅「瀧の拝太郎」公衆トイレ,古座川町小川774番地,33.601482,135.765431,あり,終日,,,,,1,,1,,1,標準型,1(1),1,,2(1),棚/フック,,,,1(1),1,1(1),,棚/フック,,,1,
古座川町,5,月野瀬公衆トイレ（古座川町公衆トイレ）,古座川町月野瀬139,33.536313,135.80023,あり,終日,50,,,,1,,,,1,標準型,1,1,,2(1),フック,,,,1,1,1,,フック,,1,,
古座川町,6,おおじゃの森公衆トイレ,古座川町佐田439,33.598931,135.693951,あり,終日,15,,1,,1,1,,,1,,1(1),,,2(1),フック,,,,1(1),,1(1),,フック,,,,
古座川町,7,鶴川公園公衆トイレ,古座川町鶴川,33.527305,135.744446,あり,終日,9,,1,,1,,1,,1,,,,1(1),,フック,,,,,,,,,,,,男女兼用
古座川町,8,平井公衆トイレ,古座川町平井地内,33.642316,135.689065,なし,,,,なし,,1,,,,,,,,,1,,,,,1,,,,,,,,多目的と男性兼用
古座川町,9,道の駅「虫喰岩」公衆トイレ,古座川町池野山705-1,33.539439,135.82612,あり,終日,,,,,1,1,1,,1,標準型,1,,,2(1),フック,,,1,2,1,1,,棚/フック,,,1,
古座川町,10,高瀬公衆トイレ,古座川町高瀬地内,33.536231,135.779739,あり,終日,,,,,,,,,,,1,1,1,3,,,,,2,2,1,,,,,,
古座川町,11,川口公衆トイレ,古座川町川口地内,33.543908,135.772855,あり,終日,,,,,,,,,,,1,,,2,,,,,1,1,1,,,,,,
古座川町,12,一雨公衆トイレ,古座川町一雨地内,33.53488,135.742693,あり,終日,,,,,,,,,,,,,1,2,,,,,,,2,,,,,,
古座川町,13,蔵土公衆トイレ,古座川町蔵土地内,33.55701,135.692868,あり,終日,,,,,,,,,,,1,,,2,,,,,1,1,1,,,,,1,
古座川町,14,日南川公衆トイレ,古座川町相瀬地内,33.549063,135.720097,あり,終日,,,,,,,,,,,1,1,,,,,,,1,1,,,,,,,
古座川町,15,ぼたん荘公衆トイレ,古座川町月野瀬881-1,33.5356619,135.7893208,なし,終日,,,,,1,,,,1,1,4,4,,4,,,,,3,3,2,,,,,,
古座川町,16,三尾川公衆トイレ,古座川町三尾川地内,33.55077,135.68415,あり,終日,11,,1,,1,1,1,,1,標準,1,1,,2,棚／フック,,1,,2,2,,,棚／フック,,2,,
古座川町,17,直見公衆トイレ,古座川町直見地内,33.54699,135.777065,あり,終日,2,,1,,1,1,1,,1,標準,,,,1,,,,,1,1,,,,,,,多目的と男性兼用
古座川町,18,明神公衆トイレ,古座川町明神地内,33.538436,135.761081,あり,終日,5,,1,,1,,1,,1,標準,1,1,,2,,,,1,1,1,1,1,,,,1,
北山村,1,小松口園地公衆トイレ,北山村小松114-2,33.916028,135.92298,あり,終日,,,,20,1,,,,,,,,1,3(1),フック,,,,1,,2,,フック,,,,
北山村,2,オトノリ園地公衆トイレ（七色宮井線車道公衆便所）,北山村下尾井715-3,33.933473,135.919881,あり,終日,　,,　,15,1,,,,,,,,1,2(1),フック,,,,,,2(2),,フック,,,,
北山村,3,道の駅「おくとろ」公衆トイレ,北山村下尾井335,33.939295,135.946366,あり,終日,55,,2,,1,,,,1,,2,1,1,6(1),他,,,,3,1,2,,フック,1,,,
北山村,4,七色公園公衆トイレ（七色狭野営場公衆便所）,北山村七色356,33.957121,135.998852,あり,終日,　,,　,15,1,1,,,,,,,2(2),3(1),フック,,,,,,3(3),,フック,,,,
北山村,5,北山村テニスコート公衆トイレ,北山村下尾井,33.938032,135.949567,なし,,,,,,,,,,,,2,2,,2,,,,,3,3,,,,,,,
北山村,6,北山村オートキャンプ場公衆トイレ,北山村下尾井,33.937879,135.950774,なし,,,,,,,,,,,,3,3,,3,,,,,3,3,,,,,,,
串本町,1,樫野駐車場公衆トイレ,串本町樫野,33.468402,135.856463,あり,終日,89,,4,,1,1,,,1,,1(1),1,1,4(1),フック,,,洋室1,2,,3,,フック,,,洋室1,
串本町,2,樫野埼灯台前公衆トイレ,串本町樫野,33.471383,135.860758,あり,終日,,,,,1,1,,,,,,,1,1(1),フック,,,,,,1,,フック,,,,
串本町,3,日米修交記念館駐車場公衆トイレ,串本町樫野,33.461998,135.851384,あり,終日,17,,1,,1,,,,,,,,1,3,フック,,,,1,,2,,フック,,,,
串本町,4,ポケットパーク公衆トイレ,串本町大島385-1,33.463823,135.798269,あり,終日,5,,1,,1,1,,,1,,,,1,1,フック,,,,,,1,,フック,,,,
串本町,5,潮岬灯台前公衆トイレ,串本町潮岬御岬2876-1,33.437987,135.755689,あり,終日,40,,,,1,,1,,,,,,1,3(1),棚/フック,,,,,,3,,フック,,,,
串本町,6,潮岬タワー横公衆トイレ,串本町潮岬楠平見2706-30,33.438053,135.76229,あり,終日,30,,,,1,,,,,,,,2,3,フック,,,,1,,,,フック,,,,
串本町,7,馬坂園地公衆トイレ（潮岬周回線（島坂）,串本町串本字片江生1727-1,33.458738,135.773033,あり,終日,,,,17,1,,,,,,,,1,2,フック,,,,1,,1,,フック,,,,
串本町,8,橋杭園地公衆トイレ（橋杭小学校側）,串本町串本2000-12,33.482553,135.78895,あり,終日,50,,,,,,,,,,,,2,,,,,,,,4,,他,,,,
串本町,9,橋杭海水浴場売店公衆トイレ,串本町鬮野川1597,33.484482,135.79027,あり,9：00～17：00,100,,1,,1,1,,,1,,,,1,1,フック,,,,,,1,,フック,,,,
串本町,10,道の駅「くしもと橋杭岩」公衆トイレ,串本町鬮野川1582,33.488284,135.794299,あり,終日,50,,2,,1,1,,,1,標準型,2,1,1(1),7(2),フック,,,,7(7),1,1(1),,棚/フック,,,1,
串本町,11,あらふね公衆トイレ（下田原漁港休憩所）,串本町田原,33.533842,135.876036,あり,終日,34,,,,1,,,,1,,,,1,2,フック,,,,1,,2,,フック,,,,
串本町,12,重畳山公衆トイレ,串本町神野川字西谷579-1,33.524669,135.796093,なし,終日,4,,,,1,,,,1,,,,1,2,フック,,,,1,,2,,フック,,,,
串本町,13,水門まつり公衆トイレ,串本町1557-20,33.460777,135.785702,なし,9：00～21：00,,,,,1,,,,1,,1,1,1,4,,,,,4,4,1,,,,,,
串本町,14,トルコ記念館公衆トイレ,串本町樫野1025-26,33.524669,135.858587,なし,9：00～17：00,,,,,,,,,,,1,1,,1,,,,,1,1,,,,,,,
串本町,15,樫野つり公園センター内公衆トイレ,樫野1021-13,33.471931,135.851672,なし,8：00～16：00,,,,,1,,,,1,,1,1,2,3,,,,,1,1,,,,,,,
串本町,16,JR古座駅前公衆トイレ,串本町西向232,33.519508,135.820892,なし,終日,,,,,,,,,,,1,1,2,3,,,,,,,,,,,,,男女兼用
串本町,17,JR串本駅前公衆トイレ,串本町串本33-2,33.475447,135.781895,なし,終日,,,,,1,,,,,,1,1,1,2,,,,,1,1,1,,,,,,
串本町,18,ＪＲ和深駅前公衆トイレ,串本町和深800番地5,33.501151,135.654813,なし,終日,,,,,1,,,,,,,,,1,,,,,,,,,,,,,男女兼用
串本町,19,ＪＲ田並駅前公衆トイレ,串本町田並1550,33.488005,135.719521,なし,終日,,,,,1,,,,,,,,,1,,,,,,,,,,,,,男女兼用
串本町,20,ＪＲ田原駅前公衆トイレ,串本町田原219,33.536603,135.868324,なし,終日,,,,,1,,,,,,,,,1,,,,,,,,,,,,,男女兼用
